epoch,train0,train1,train2,train3,train4,train5,train6,train7,val0
1,0.2015754628519062,0.5672833122662269,0.3830313677365969,0.14006551676720846,0.062367281051895894,0.17737742507112367,0.24020286345815597,0.22725587957150614,0.12264424591558054
2,0.19623739715704383,0.5559059071044127,0.43154449481517076,0.1490772338778091,0.055763989308616146,0.18065902428740324,0.2333381718296247,0.21333699432822564,0.10015508819681902
3,0.17500359151745215,0.5359654953548064,0.36716689153884846,0.1526316957703481,0.06102175579871982,0.17299626611444788,0.2260313743269459,0.197489209434328,0.09912511463820313
4,0.1840599132507729,0.5262207362878447,0.3863254482857883,0.15104019725792264,0.05614686561117802,0.18755772839601073,0.24105705588590354,0.20343933914652249,0.10751345681880291
5,0.1762640349115827,0.5277550823520869,0.360675715492107,0.14655437239222616,0.05326675281927843,0.17810457042166186,0.22633189039576487,0.19890376211454472,0.10089979000137343
6,0.16653225973520117,0.5197200891755832,0.3637890146734814,0.1455997652374208,0.07344182419668262,0.16604560947356126,0.21949716215021908,0.2004865619043509,0.10025033791316673
7,0.17157020761320987,0.522463318426162,0.3454076525910447,0.14292674880319586,0.05472988487842182,0.17598764969928501,0.21806734387064353,0.19568585619951287,0.09544562303926796
8,0.18125185470853467,0.5291936761447383,0.34065406974211027,0.14554499697987922,0.057052983882992216,0.17279931639980836,0.2259797280227455,0.18973030293515572,0.09232174718757354
9,0.1674683322198689,0.5143601586848187,0.32426150231428136,0.14157961730961688,0.05371770514951398,0.16693235425433764,0.21738845728153441,0.19338664404737452,0.09275990260842566
10,0.1809286157755802,0.5231960720848292,0.3627289342985023,0.1695484707985694,0.05594951246166602,0.1644496142786617,0.2204415058658924,0.18574639200232923,0.09532046508199225
11,0.1629460366772643,0.4997916116068761,0.3434461836926251,0.15078525765178105,0.05340388814026179,0.18612914335972164,0.23806922530638985,0.1983202313519238,0.1005298167001456
12,0.16620693241081122,0.48669549240730703,0.34028470691797946,0.1596329699192817,0.05335855235656103,0.18111023383486705,0.23468384705483913,0.2069515181259097,0.09282695727112393
13,0.17893474070782153,0.4805474116001278,0.4110656337191661,0.1628269023882846,0.05799955471593421,0.18130417453843015,0.23405858685146086,0.21308358686898524,0.10243380116298795
14,0.17121973691973835,0.49047813754683983,0.32761074719019234,0.1502641784318257,0.059342262761977814,0.17269257006895108,0.22892677132525327,0.19061030750890495,0.0986101633849709
15,0.16595578124785484,0.5024059775460046,0.31227139465045184,0.1342144414957147,0.05722244460533451,0.1779889917403731,0.2274038556109493,0.19337801984511316,0.09866861000773497
16,0.16117154867000258,0.5101855829513321,0.3096243462835749,0.14569464397694296,0.05696673062629998,0.16483374199985215,0.22384646877859873,0.1848241686432933,0.0988777756113753
17,0.1713506784993418,0.4885679303260986,0.3467882571082252,0.14483712473884225,0.056756689858351216,0.18434989836047558,0.23735842308572805,0.206278524788407,0.10050924664149836
18,0.16193579635970914,0.49104774522129446,0.2828932090633316,0.1420001017516673,0.06456269829019827,0.1855820320051862,0.2382294854420858,0.2084837824028606,0.10297068771130095
19,0.1720647047040984,0.4822899376740679,0.2905646721555968,0.15165792285794547,0.06311876218145092,0.17614513740409166,0.2194276119650264,0.18666768000305942,0.09280695277266204
20,0.16375306388363242,0.48680341670600075,0.2968945230774504,0.13741735442211697,0.05581210515326044,0.17946516094040513,0.24040960456477478,0.20071198544853056,0.09033816177786018
21,0.16362026440522945,0.48721316815256915,0.274594236931686,0.13220841041766107,0.056815478780966565,0.18571315199369565,0.23160861145394543,0.20428344949201951,0.09767962877716248
22,0.17448755802373248,0.5308835341517503,0.34776279955015826,0.15263179460695633,0.05001844837291477,0.18035783139809305,0.2244538406327289,0.19551485600338006,0.09600399079742299
23,0.16551451990380883,0.46337181073613465,0.3013666654114786,0.1533080035248228,0.050703148566147625,0.18184999989656112,0.22863953630439937,0.19268339008946592,0.09576285141520202
24,0.16239322928110292,0.47867369287026423,0.2777520157760591,0.14431372021499556,0.05130519168839479,0.16991119855083525,0.2241777735762298,0.18374132415434966,0.09285959789607053
25,0.16098947671222655,0.42825345213835436,0.28295175106419873,0.14190947535583595,0.049651218784371544,0.17447990349804363,0.22874373709782958,0.19405219277056554,0.09176882954974037
26,0.15978882244720202,0.4520859154872596,0.2715312059832892,0.12596677829666683,0.05498118233420731,0.16727932942982685,0.21827705270940592,0.19503759499639273,0.09384428578293107
27,0.16122453155427743,0.5146104185356913,0.30730153785649844,0.14239594681809345,0.052095242572249845,0.17923963792175832,0.2228113199574485,0.18570758524341122,0.09623938930841784
28,0.1551415694266325,0.4876894253053858,0.2626469631989797,0.1558427415244902,0.06763010659293893,0.17228518319704259,0.2193639991043407,0.17644350938887024,0.0899188950182482
29,0.15546000103252786,0.45528416289016604,0.2687281852619587,0.12393585560494103,0.07458209089236334,0.1700597347759564,0.22712917304064226,0.16696850605270205,0.09230227802375641
30,0.14918729724983373,0.490574626562496,0.24865591824709554,0.14698813932045596,0.054558330069994554,0.17580877484336574,0.2192903217704346,0.1738169095867003,0.08970342462028687
31,0.16100561222992837,0.4539230936206877,0.2856605468283912,0.14819422037301896,0.06285052869983095,0.16973963318256816,0.22739899296235913,0.18219554129367074,0.08843876403019142
32,0.15366311190882698,0.44781335163861513,0.2623924483389904,0.1291737200008356,0.046819710261236956,0.16479756737438342,0.21372280360083096,0.16627734367890903,0.08802227222137542
33,0.1465753314247801,0.47024523133101565,0.26360635600576643,0.16417800658382475,0.04897419113452391,0.18470785949223986,0.24021005467511714,0.19961581173023055,0.09691469680304483
34,0.1559301934321411,0.48083685284170014,0.23745365821135542,0.13265783518242338,0.05776798093089989,0.18252640125865582,0.2333632110360971,0.18642821600466655,0.09861515500354774
35,0.16492867875300968,0.4670692832053949,0.23057677604811033,0.14091408659199564,0.049989089469211954,0.1750348242179219,0.22102101583732292,0.16490276190840328,0.0922994882275816
36,0.13926463774987496,0.4419074523999977,0.20086245162625951,0.13189228462579194,0.05338677541294601,0.1826076962655255,0.23360062994470354,0.19020514015574008,0.09348699438123731
37,0.14104580297377348,0.4144613814035741,0.17045422535860175,0.15998977430475256,0.05119392081784705,0.18640586418284025,0.2375487592847397,0.20485366206654967,0.10258278040904163
38,0.1616171415274342,0.4437346146441996,0.21880612412739234,0.15326882848360887,0.10147501331327173,0.17587257145593563,0.22616173474186022,0.18681278666675402,0.09958794827495392
39,0.14423867738999738,0.4573599356954219,0.22115359825935835,0.14505150421367338,0.055454765795730054,0.18943936156574637,0.23200920397842614,0.20071393166047832,0.09990146909937418
40,0.1619381319421033,0.4106153041745226,0.2595124158494097,0.1391414455914249,0.09326722402571856,0.17022084398195148,0.23279569905086342,0.19397179021810493,0.09800137500860728
41,0.14603199763708594,0.5153808239944434,0.23636089353628145,0.1660189653824394,0.058383893920108676,0.18406270592095098,0.23734376036251584,0.19724596448941156,0.10250505540170707
42,0.130326856286653,0.43223908871489886,0.19697330881414624,0.14982644233532483,0.04808853686942408,0.17993093465217194,0.21324664746255925,0.1833885156083852,0.09224637066169332
43,0.1495541889623079,0.3934793723747134,0.18364818136130148,0.11996592651121318,0.03811242923499473,0.18797246090737948,0.23502259910067855,0.20888965526440492,0.10050973772498158
44,0.15666398685546787,0.41303333568309125,0.1901278264413122,0.12322255877855544,0.044073455251539904,0.17229113213640326,0.20250175934294626,0.14878212795883883,0.09612017959201087
45,0.14354060671757907,0.4547541585440437,0.19017613918792145,0.1495158352481667,0.052265560346616745,0.17743971404464295,0.20546291436767206,0.15544731368815215,0.1078463753995796
46,0.13177685812600734,0.40973638771295856,0.17102923228715858,0.14129032346439394,0.04214090514384831,0.18524655388318934,0.23721760883927345,0.2046644079964608,0.10093826581335937
47,0.14714674776041647,0.4279319478373509,0.1634040484156382,0.1342872699703245,0.043106425165509187,0.16935981259060404,0.21005995828697147,0.15918805457962057,0.10098968194021533
48,0.13211622543167323,0.40144619897667627,0.14594869626065096,0.14340304563908526,0.05479158239419727,0.18445970680719861,0.2399031823539796,0.1960838258964941,0.10200192255433649
49,0.1454036088543944,0.43253828561864793,0.21109955442079809,0.13427419635506035,0.04803936728664363,0.1629961928241149,0.20157306914916262,0.16295635708471914,0.10043280534834291
50,0.1363079225520778,0.4087767587431396,0.16281238261823697,0.17671239469200373,0.04167382549106454,0.1678795522505728,0.22991004076902755,0.13693227339535952,0.10347326955525205
51,0.1453153572304776,0.4350217878818512,0.1709951558004832,0.12743570523646972,0.043006723280996084,0.18535677392113334,0.23412334975243235,0.14133267219100767,0.10913551951913784
52,0.14495637912356565,0.4006349705935766,0.14373747995705344,0.13700883017493956,0.0495791040690771,0.16424507695774082,0.21699328806910975,0.13735631348390598,0.09890126381166435
53,0.17493376983717704,0.38935144478455186,0.14306019280047622,0.12361935553781223,0.03830330534644114,0.17487098187363395,0.2315344126788356,0.1600390897753338,0.08904213897767477
54,0.25406771261865896,0.3861004278684656,0.2537935796669141,0.13997116436075885,0.052222183823081046,0.17040563793852925,0.22647361608687788,0.18855375202110736,0.10106099525485963
55,0.14917127791947374,0.43821888269546133,0.20318505571534237,0.13441305771508874,0.05433953134343028,0.1850410859430364,0.2390970222671361,0.21918229566169126,0.10599624513027568
56,0.175734427049368,0.5086236495990306,0.21929203269731565,0.14753816480515525,0.054298125935019925,0.17836295630089202,0.23031057139814948,0.15642334528577825,0.09557644801679999
57,0.1254115334498541,0.4144277048665875,0.13207876921175435,0.1361003758162648,0.03605129356704614,0.17450423534804335,0.2360723267775029,0.14934612391516566,0.11235999719550212
58,0.16178137157233627,0.4354730995570814,0.14352385249609748,0.15396082008373924,0.04591969094083955,0.1784054623931297,0.21186173804259548,0.09816280684996552,0.10320406383834779
59,0.11997321350402974,0.42928788451536093,0.11606222958895766,0.18229381789569743,0.0365644562310384,0.16669410484367594,0.23370056920490848,0.18621242613880895,0.09627581288320168
60,0.13580766464777602,0.3621421644541745,0.11828941249890097,0.12856830235978123,0.0466421490200446,0.18276767406011155,0.23288680006711124,0.17606530755680674,0.09553791513705316
61,0.1330721917329356,0.35083504603244364,0.14327864989172667,0.12144290485108893,0.031840980877556525,0.1743895539160197,0.2204391859268071,0.10171907971380278,0.09475530012665938
62,0.1377774593590099,0.3403051547162856,0.12601205660030246,0.16936236043693498,0.028493673676469673,0.1847829727169786,0.2376326317898929,0.1828863720559942,0.101291308189199
63,0.14138759653724264,0.4604385309503414,0.19598265379318036,0.13686092025454855,0.05683396283226708,0.17013812200942388,0.20105347801775983,0.12272625626064837,0.11400902347910839
64,0.16181858282652684,0.3744560261256993,0.22649681195616722,0.15241666026607467,0.045732951179767646,0.18250043347749548,0.23553712254700562,0.20638793800996305,0.09834003408226029
65,0.16626406611370234,0.4058913435655995,0.12969277411078414,0.1835531042694735,0.033659172671226166,0.18039049200403193,0.22398695391651322,0.18637146155621545,0.09724655764875934
66,0.14754055567997662,0.33850603403213125,0.12453741397863875,0.1666863582407435,0.039493885376335434,0.16913928381109145,0.22631122443514565,0.1274947365745902,0.12858504115138203
67,0.15622909994029519,0.39246868531336077,0.1178092414047569,0.16171798558085962,0.041799051911463415,0.16702224311302416,0.2298267102354051,0.16648077470987724,0.09687037692250063
68,0.12423768808609263,0.2949182420610062,0.118509254961585,0.14258246545796283,0.03925807102738569,0.17024178777986285,0.1996005721060404,0.1083471285237465,0.10000721466106673
69,0.13483704638686808,0.3761111450827836,0.1252059693215415,0.15963306734435415,0.03327681069883207,0.16516320230342293,0.23174375874805264,0.16961401576797167,0.09183008688463208
70,0.11738170514339193,0.31014550079513964,0.11511040893795628,0.11636188893559544,0.03946360970439855,0.17626504012635755,0.22168264607413826,0.1337795131354748,0.1026111093039314
71,0.13547126836056123,0.3542925740281741,0.14108637584528574,0.14318672642305805,0.05347972030964835,0.17467611365039679,0.23387539408092076,0.1553833891133157,0.09938490755545597
72,0.13049812196792723,0.2807127531511166,0.12248997442657128,0.1274458197876811,0.04869475177353403,0.16287597143673338,0.21716754049217948,0.10078444750009415,0.08879904476634692
73,0.1432115403440548,0.3056227108051341,0.11814318442096312,0.14344506702036597,0.044011218980206955,0.17193898524904702,0.21389735865523107,0.11787468648011175,0.12038289126940072
74,0.1217167284169894,0.32508689909203287,0.10749875858891755,0.14275559100011984,0.0407424845470814,0.15190656795554483,0.19929771016904851,0.08246918609559846,0.10022862897797798
75,0.11766717588761821,0.2914045663977352,0.10100137156162721,0.11100051838244933,0.02949641856442516,0.16629885157938892,0.22319836548073604,0.10794530799709416,0.0888916074084894
76,0.16522941004950553,0.2945214433129877,0.13461684444337152,0.18314027972034333,0.03866962575314877,0.1683117402717471,0.2332514600639115,0.19099011125823986,0.09802474756725132
77,0.13197547951131128,0.2655353580630617,0.11038467164811057,0.11579267567625114,0.05177487038114729,0.15629415986768436,0.19971959036774933,0.07132840462751726,0.11089952883533745
78,0.09878739827157308,0.2949889401594798,0.12842764391340702,0.1470381293523436,0.033671680284896865,0.15994206497634877,0.21102692717977334,0.05942186371733745,0.08783034309211264
79,0.10435167898928437,0.28377232802449726,0.12246573846399163,0.11395910037996752,0.030958419146675926,0.1650346051513528,0.21636940040965177,0.05960161722032353,0.09462239732965827
80,0.13949511998604672,0.4082759690936655,0.12533958694742373,0.12192629211737464,0.05594529197211765,0.1638884186007393,0.1982485162637507,0.06721072061918676,0.10107787270681001
81,0.1418140160628051,0.297384853164355,0.13980041287868517,0.1816615658669131,0.043153059094038326,0.17614557033812162,0.23702287354293125,0.1950672174959133,0.10537121304272053
82,0.12787728439434431,0.4535484484610303,0.2760726536313693,0.14816785336006433,0.04125706725365793,0.16810980363516137,0.21353304393414874,0.07056717479523893,0.09686486605884663
83,0.10705179054032972,0.2389540373114869,0.10634752925883124,0.13145842711431519,0.027965812959640363,0.15745116550533567,0.22499282041098922,0.0549499681025433,0.09008129140420351
84,0.10021838979931393,0.37840529167927645,0.1288075026216878,0.1065673692234365,0.055670982495939825,0.15695744069914022,0.2118820146570215,0.11246117222860146,0.10881632564511771
85,0.12461843927546094,0.2472233768736866,0.11445723210150997,0.12440546829869466,0.05104881750109295,0.15035710776768005,0.19444236444542184,0.06157643899011115,0.09285017635071806
86,0.1271925383098278,0.28835924128846574,0.10399661536090814,0.10713795603563388,0.035412725684485245,0.1481699782210247,0.18032233653745303,0.05224937800085172,0.08830256297369488
87,0.09282995309392088,0.25237600449084613,0.10990885369634877,0.11503443508263445,0.03409473594122877,0.1500033044273247,0.2068589370852957,0.10034079186152667,0.13336324707294503
88,0.0954614009630556,0.25949351246648195,0.10778059750252093,0.14710226633178536,0.03391799635331457,0.16112889483338222,0.16658708415343426,0.05641241268798088,0.08657706121448427
89,0.09503118797632244,0.24573817202084078,0.1540176537722194,0.10883572748086105,0.0332920487926458,0.1514563396728287,0.18333164563470442,0.058967478262881436,0.09493064526759554
90,0.10146954981610179,0.2959366491074131,0.09345486500145246,0.12011800791757803,0.05480232995857174,0.15850353547527143,0.18566569218213166,0.06874396768398583,0.11068531615577133
91,0.11434412254796673,0.2083186048087858,0.12347633626995957,0.13165136106545106,0.05048281714456001,0.17882369672103474,0.23687695636666226,0.16842840860287348,0.0978776278886168
92,0.11618204157760677,0.23280010212329216,0.11461200370952913,0.13150944295436298,0.03938833191932645,0.15015153136725226,0.1889490450679053,0.05943080691698318,0.11428357151938447
93,0.10465501721773762,0.23328847688389942,0.1859746454283595,0.13990982023824472,0.0326988016361914,0.1491839228013608,0.20943384138323987,0.0807832091813907,0.08980495125676195
94,0.14866844727657735,0.49828089905592304,0.2908085721185974,0.1488883348890037,0.0425417678343365,0.1734549242949773,0.20416813306898499,0.10483035374879061,0.08244398375548674
95,0.11507712197756821,0.21018663667321866,0.10141762016731566,0.12273321106476942,0.044593536450217165,0.1591066269611474,0.1782856521119053,0.058563806427021824,0.11819409571277599
96,0.08613353719313939,0.21735952305607498,0.11300011499164005,0.12057619165958992,0.04614353550520415,0.1434029171068687,0.17448746209508195,0.046218814056677125,0.08368891365050028
97,0.07830910431221128,0.20254869976391396,0.11286920353086316,0.10650253396791716,0.027391039970704394,0.153299618861638,0.1881828886337947,0.06389626329958749,0.09451331074524205
98,0.15502935593637326,0.32919695439826074,0.15646660840138793,0.13970275735482574,0.049825381681633495,0.17255620984360576,0.22461853869511592,0.10740986609986673,0.10956297473361094
99,0.1200769062852487,0.3377298270643223,0.0916067372818361,0.1227536810329184,0.04071067013622572,0.14915342629683437,0.17471287986215125,0.04327871345776657,0.12834437633864582
100,0.08133949991800667,0.236249769727389,0.09698445683655639,0.12941156294740117,0.036254133126931265,0.15710126698346963,0.17713734831583375,0.04524923886250084,0.11139977168447028
101,0.07419420209710854,0.24477486943093632,0.0700938706989594,0.13756478592404164,0.035038824113144074,0.16753460792582095,0.22553014150253148,0.06311416159708945,0.10619926095629732
102,0.08639426597255806,0.2087013985728845,0.08857377802147919,0.1472523337773358,0.058631448645125296,0.14183238834327008,0.15070544361272672,0.04678438555492903,0.1535442682603995
103,0.08428094982809853,0.2055971418012632,0.10206868104918006,0.1403527442101525,0.036014177450852,0.14403931132498352,0.15433954536759606,0.0893800954023997,0.29364416196767706
104,0.15747135752462782,0.4608917480218224,0.2136515243522202,0.15104213944869116,0.05794058782824626,0.145389576558955,0.20474991264442602,0.1095308274962008,0.19383670181802395
105,0.10972739259401958,0.2563819570592993,0.26161494812307257,0.14169900044847358,0.052492829253120966,0.16622995299985632,0.23370222250620523,0.13990019591195355,0.16796192600547025
106,0.2783344702620525,0.5760160698458398,0.3749756132407735,0.1377203243027907,0.05174422250517333,0.16839449324955544,0.22269712714478374,0.20220128982327878,0.10875686227033536
107,0.10413573131275673,0.4149224386007215,0.36876389631652273,0.11320066118544976,0.06165174687096927,0.16187492120176708,0.23118571728021683,0.19328930040016226,0.11152299024009456
108,0.1019123392519153,0.41040769339694333,0.21041887939403145,0.15277500508818775,0.048713260563090444,0.15712016386290392,0.21541750897692205,0.14218166501571736,0.1143420113561054
109,0.11956307559739798,0.3075636914096928,0.12561646910520116,0.12826471290221284,0.026736649975646287,0.1633045389171457,0.15925178509981683,0.06973394520658378,0.13768327051002416
110,0.08125001665515204,0.22266538065256705,0.09033104624055947,0.14940546672733035,0.03617467075916162,0.15391522669233382,0.15985410544575038,0.045386839507652134,0.11868953567075853
111,0.07258245777484262,0.18635536543054818,0.07350159744964913,0.13320231798570603,0.04254494691849686,0.1425967298564501,0.14180495270071938,0.04824368081366023,0.10116627009604902
112,0.09134323936935591,0.17056071254773997,0.08381055068457499,0.15326366297570834,0.034951901572640054,0.13766411938801562,0.15111714189697523,0.049537997731628515,0.0788650151322751
113,0.10995190281634375,0.22396017296705395,0.13656249146636887,0.16784877835016232,0.032739404459183184,0.16644632463188222,0.1703679666000729,0.14335404817635813,0.233816581312567
114,0.10143011525603167,0.20135788606179025,0.15444636778071677,0.15115784166118829,0.025698650613776408,0.15825909593938073,0.2060072234356388,0.05419796716887504,0.1265278245167186
115,0.07920604238946301,0.34484242371399887,0.4028209306610127,0.13540881173685193,0.05124195485162394,0.17040744847084474,0.22124044119846076,0.09600441825265686,0.12229785943054594
116,0.11799005533490951,0.39932716999707435,0.1541147875638368,0.1912760242363826,0.04687668334615106,0.15838651875189194,0.2133248476360071,0.08914098042684297,0.0854802700826743
117,0.13649793637159746,0.4176149250706658,0.22202920818623775,0.2090876313886838,0.05099618306849152,0.1563771134339428,0.20016304667418203,0.08830351052165497,0.11251901527187631
118,0.125395226602753,0.1971319084210942,0.09011732356157154,0.12788844658643939,0.06464463199396657,0.14416041005946076,0.15552215327625163,0.06119859319490691,0.08944197891590495
119,0.15683725631485382,0.15682810263630623,0.09238464740701602,0.11391659577687581,0.04348922141070943,0.15555741953357938,0.1573873070301488,0.04558078312402358,0.06778148157172836
120,0.11106194249441614,0.19378783307426298,0.07019936456587554,0.1260894020088017,0.04448683245573193,0.1550295224878937,0.13900258380454034,0.05392745466087945,0.07169769906734776
121,0.09518138540443033,0.2530553175214057,0.1044445581016286,0.16369438591452004,0.025003566557037022,0.16629239548152933,0.16248908174263002,0.04854982206597924,0.07962748245336115
122,0.0973559411553045,0.24000498089784136,0.07730733278367552,0.1370144458875681,0.04233980270510074,0.1380745041630386,0.1430860211015291,0.06525299158723404,0.15160780000466426
123,0.09867240100478132,0.17207236273679882,0.11229161793986957,0.13403646261819327,0.05690884970924041,0.1398041648863,0.1487690700450912,0.03806468104206336,0.09458086369462156
124,0.07592346744786482,0.1627704254691101,0.07197016033266361,0.13759598736214684,0.03978310188297959,0.14106323973586163,0.1517518987020594,0.03654785788967274,0.08169156194586928
125,0.07736515538029683,0.14444956534741019,0.06716946625723115,0.14428005333805535,0.056599855762518324,0.14654465579466583,0.16972987183059254,0.03743725324360033,0.12863825533228615
126,0.06528978185572971,0.16697155724978074,0.11151752892571191,0.14280730825703358,0.05204242723993957,0.14664089574944228,0.15533761385207376,0.044947357867689185,0.08513179224488947
127,0.12219074083016797,0.20123259392858017,0.08015241706743836,0.22328570520039648,0.05012358621994887,0.15253004129044712,0.1966486848638548,0.03660381297716716,0.102339605538873
128,0.0673851137253223,0.2035425727178032,0.14717002500159046,0.10490102598366018,0.04259817077187714,0.1314307553911931,0.1681185917404946,0.05264748009115768,0.08499914576532319
129,0.09348499370389618,0.23644429884492033,0.09005476763801805,0.11811286877370246,0.028963487449800596,0.14038143794459756,0.19050846253958298,0.04008544712269213,0.14793908945284784
130,0.09151142027500707,0.1878291678149253,0.10154593091768523,0.12108432030314968,0.03461853286717087,0.1103212066712634,0.15904443551941463,0.04637185045673201,0.08813650053586268
131,0.07117094856221229,0.19278479049292704,0.06675702159312398,0.12584277559653856,0.035056484093123196,0.13411241714493372,0.14901886282799146,0.04534903957877153,0.08318043100492407
132,0.07656510147110869,0.18220313845085911,0.08375396199213962,0.1315122573384239,0.03407582559157163,0.12409679062936145,0.14701724890619516,0.04982744278458995,0.09969339281572805
133,0.0931973731379306,0.15297011151657594,0.1826316936252018,0.1333214771875646,0.03268308683133606,0.13510919170706379,0.13471031398512423,0.040551709108209856,0.08427009767425868
134,0.0927844101121688,0.13983857800485566,0.062005269291451746,0.12349951302712725,0.046861516504577594,0.133775223424891,0.1476908748203035,0.03225064617193615,0.09975366158566128
135,0.06826635051887327,0.16217025857622502,0.0640699511859566,0.11859393344881634,0.05288527660256174,0.13842527112501557,0.12489286235844095,0.036298570891328076,0.08728711078583729
136,0.0953185825055698,0.23165310071393228,0.0591208037664425,0.14841962198261172,0.05506022577174008,0.144739326244841,0.1976386710399917,0.03785722404427361,0.09660690561092149
137,0.09393697240011534,0.14854303048196016,0.08175008875938754,0.11897680473824342,0.03127273994444598,0.13559276630015424,0.16591095278272405,0.06116785110013249,0.13152142395847477
138,0.11134457350514519,0.21528629176706696,0.07686726667573869,0.0992817661074999,0.044653338334076885,0.1302052805913263,0.13877169318341961,0.04319237764381493,0.08492877350848478
139,0.08861146034905687,0.20133042848222735,0.10505726455266995,0.12635212801251328,0.030651931621832773,0.1233065202832222,0.1188849908770256,0.06541819088063978,0.18909158525639214
140,0.10624156034342984,0.1774312000197824,0.16383648285166905,0.11165925144935802,0.035943002638911516,0.11408119462430477,0.10693158994157177,0.027566632178301614,0.10585105027227353
141,0.09191301286530991,0.146761695194679,0.07105561882538798,0.10595952774747275,0.030270772277920816,0.13762511769406652,0.11579242280762021,0.03282535322068725,0.09612426658471425
142,0.05360413383459672,0.14885739402234321,0.06520704360445961,0.11351962680540358,0.036515773990686284,0.11264948914564836,0.09238538421535243,0.039194955873729974,0.0946548890012006
143,0.055648872775539836,0.25602133085097495,0.14843493044221154,0.09528053365647793,0.024705130723305047,0.11621579263252595,0.13245838740840554,0.03077245136955753,0.10488533104459445
144,0.0492396882812803,0.23781707716261735,0.06227423594100401,0.1884342580063579,0.04168625583406538,0.134678682940527,0.1014025120336252,0.02981607156107202,0.10036231914515763
145,0.07118537566081311,0.13180374711131057,0.14135601848587007,0.12473629977709304,0.039881802920717746,0.13975678417288387,0.11006971856113523,0.04022149228694616,0.11523734125512419
146,0.049280695158813614,0.11967942857396945,0.13733504371096691,0.13795754110712247,0.07387908676173538,0.11518977847784602,0.10845658418353803,0.02964118837553542,0.07949760165380819
147,0.06798421054645587,0.11069111731679489,0.06204722805220323,0.15033294743140382,0.06303008040716425,0.10043928836239502,0.1309758780601745,0.04614384924449647,0.10932352141632388
148,0.07224427761199574,0.12625133805947067,0.04773933258062849,0.13167388509221686,0.0353694434791881,0.1241323016147362,0.09827453431595738,0.06606149591971189,0.0814358196160659
149,0.1125430960067509,0.254013081973729,0.38024297965845716,0.2763860985141946,0.0765656275859025,0.16984652161287764,0.23659449763363227,0.21399648455674955,0.11335714646459867
150,0.16432238419656642,0.5633362427955338,0.37191141218257445,0.138020323671905,0.045567918209902324,0.1646805142518133,0.21787224981138328,0.15578222407687767,0.10411704917472282
151,0.1360218683378965,0.3934179225079788,0.22873378574392214,0.1246785445837304,0.03231440464636156,0.14609205540424833,0.12369023687400234,0.17398752000008244,0.10325718815875007
152,0.14382544169590497,0.395051473324808,0.3721909741094957,0.11533341896332179,0.036253996775485575,0.12963218967585513,0.13272178254070846,0.10365404878393747,0.07733064934533711
153,0.08096909025819816,0.19923486352005662,0.0743837195065377,0.11663776442098121,0.04505202042249342,0.11914588852475087,0.10342372258310206,0.03490770461030479,0.07266121340702132
154,0.07182043319335207,0.1439583967633856,0.09530824996666827,0.1386273755148674,0.03466535981715424,0.13457484477354834,0.1162395111192988,0.03157081400665144,0.14403899857764677
155,0.039247262342541944,0.15659496452038488,0.15406866552560436,0.09730368405386496,0.03960071178638221,0.11035964739736907,0.10022574432514375,0.03359722225771596,0.08393965845789353
156,0.030401449194566037,0.09745574318609822,0.056838737495127134,0.11668195014499361,0.04001542125479318,0.10393754777275414,0.0961398930909733,0.028876769623214688,0.08346663555130363
157,0.06683747895173535,0.15320782061219992,0.07660369539128926,0.1494255609480509,0.04030201739321152,0.09537975230826608,0.1848066778620705,0.05135356808144328,0.0921457822356994
158,0.08808294041197466,0.12647128185684173,0.05035146237545026,0.10626825121774648,0.03412914507983563,0.10235011817712802,0.07096563434364118,0.02898646388590957,0.11049352624589422
159,0.04351570113916144,0.13786889282831302,0.08484178818374251,0.11122492534438304,0.03589327420680396,0.08687134455734243,0.09546149521095988,0.07722836050864619,0.09379851866106037
160,0.08246138750109822,0.13358201413454177,0.06809469452370347,0.11914078782623012,0.05178012898977613,0.09058804423815066,0.16928868410953632,0.026619204244828627,0.07630405842792243
161,0.05541604931143714,0.1558726520597702,0.07037330634193495,0.08519248138327384,0.04939573337469483,0.08722833769085507,0.0875229787779972,0.026442801541027922,0.1022272208162273
162,0.04230212134522541,0.13320574235209884,0.06538459130388219,0.12104292303289792,0.034373270192494,0.09483457001624629,0.07036802232566212,0.03447335349786348,0.1293975007162468
163,0.03599309602092641,0.14309563883580267,0.11552580263378331,0.10745819968966923,0.026290689177888755,0.07564788042448829,0.0812580457762427,0.027778891836229985,0.15222662568946058
164,0.04603089221442739,0.10529832386722167,0.05557045398745686,0.09055206231278135,0.041307881222261734,0.08945145194108288,0.11274355605322246,0.05312614290354153,0.08541225023024406
165,0.062394287015195005,0.10208072014696275,0.11051326272718143,0.11689302460126783,0.035878996626706794,0.08144274823522817,0.07357740207226016,0.0381529050894945,0.07359620331165691
166,0.14330081511737566,0.24409820783572891,0.2096157263343533,0.2332824883730306,0.0842097422767741,0.12429910853582744,0.2207065284407387,0.06770946577307768,0.08228771581707406
167,0.13170474078894281,0.1924856478193154,0.13332882370256507,0.12429877290560398,0.10769931772301788,0.11645651281044896,0.15626158509015417,0.07491283090106056,0.06936847876932006
168,0.12682025075264391,0.18554584115433195,0.26746016600251704,0.19007744943761887,0.04627686526509933,0.1263584711596195,0.09055854151180635,0.04008743106290543,0.07235066387996388
169,0.1253066862700507,0.10855642745567214,0.0464018419055113,0.09037971259992143,0.030164852098096162,0.11676108928562219,0.06405065880486897,0.03063336266495753,0.09133531939005479
170,0.023577070571870234,0.15688221669430882,0.10854171185443799,0.13556982705874057,0.04827933166961884,0.08885274655282653,0.04180433407115439,0.026090001253275357,0.10586979150927316
171,0.04459783069372255,0.09751131096709287,0.06313554863057409,0.10285079068732254,0.041545650482779216,0.07418289440587007,0.04305224497026453,0.022195674437777296,0.09678481270869572
172,0.033399089797361135,0.0877479885093635,0.036305118119344115,0.12530507058060417,0.041048671041304864,0.09495749887234221,0.06476439484686125,0.028176504439519096,0.0796077008562861
173,0.06423920341573346,0.09920361531355108,0.1499290095331768,0.14516221774586788,0.027787584566491812,0.07856759304801623,0.09596352486793573,0.02109039292554371,0.09683262092949008
174,0.029741404541709926,0.09560414532703969,0.047114764547586674,0.08593527422635816,0.0378084165082934,0.08097473983070813,0.056367420843647174,0.042240995794903334,0.07332050501524161
175,0.04024413864438733,0.08949649957745957,0.06119207196752541,0.08484077869312993,0.027258208399871364,0.07478855783119798,0.09437778490246274,0.051900799847013936,0.1561781104586165
176,0.10311202970721449,0.1257022501110138,0.05277176867821254,0.07995792559783392,0.03160332650440978,0.07268762522532295,0.06553995518091445,0.0947784586896887,0.08639745192340342
177,0.0852976604946889,0.23354269556390742,0.1525720815601138,0.07913840750309949,0.034306393873218134,0.07448026866283423,0.04448288391965131,0.027790176138902705,0.08494989742757753
178,0.02610000075461964,0.08839496434666216,0.03758678408000075,0.08246792330949877,0.035169844045109734,0.08036030848355342,0.03723517465550685,0.027985719498246908,0.07688355503341882
179,0.021925603068666533,0.08090001196251251,0.02649762730895115,0.11286665234729298,0.023149425828402553,0.07694193951707955,0.05066967837046832,0.01505524014889185,0.07655746504315175
180,0.014415970178257945,0.06765126344362216,0.0335431461474703,0.09121705056168139,0.025444530959551532,0.06994125823500023,0.039382785262811616,0.02075304191869994,0.08433157931237172
181,0.024490237375478802,0.1402897570709077,0.054109093403288476,0.10823809949215502,0.041298679570900276,0.12432430922975375,0.2318700650066603,0.07749381791654741,0.08279419156254637
182,0.06812275623087771,0.13585107222267348,0.05046286098028455,0.08057123236358166,0.023853621324936587,0.06896400468334225,0.10062999390841772,0.08107994529806699,0.09295004003797658
183,0.10450861028706034,0.1981157188420184,0.22619703216696507,0.13258607957322965,0.027681506374695648,0.08655188963894034,0.10483630397357047,0.11412064827406236,0.10725079775632669
184,0.08943403737309079,0.15087877516634762,0.15984749546138724,0.10248119767250803,0.07051986244186992,0.09981723069601382,0.07730459318554495,0.021286335018279107,0.1458365161670372
185,0.028063242226683844,0.09830251781386323,0.03759464977580743,0.08279276658625652,0.04044458631445499,0.09921143694858377,0.1125848480296554,0.023778811077742528,0.08512305076389264
186,0.01842351580792941,0.04709203546129478,0.04165971634211019,0.07520162749521357,0.03055977960927218,0.07860720341583753,0.04702402065595379,0.022473492911861587,0.07148489286191761
187,0.016927444167473975,0.06330302393083305,0.026628618977459457,0.07375588045276042,0.020957619359251112,0.07260456621831206,0.0274816263311853,0.014887592752832765,0.07450058347118708
188,0.018745713641086088,0.03255806259888535,0.03250297978471887,0.08196370889587949,0.036404844249773305,0.06817199348976526,0.023608724392640095,0.014805805693564858,0.07027130251784304
189,0.021075373243850965,0.02881734441810598,0.025769043461574864,0.07312032673507929,0.026937410693790298,0.06702785538800526,0.021280081336347696,0.015606133256369503,0.05801590134312088
190,0.02080297051240147,0.0314804014924448,0.022953432371650706,0.0664230920689685,0.023127649755527575,0.0744550204447781,0.03771346989136267,0.018318651091249194,0.07661248577399722
191,0.01776578033241094,0.03827165288385004,0.026368597377465147,0.06985389472235208,0.028885038336738944,0.06593782193037138,0.030622965340929415,0.02488915742651443,0.0730037357219165
192,0.0196439137798734,0.04681890348729212,0.03542480609030463,0.06949269492179155,0.023089835265030462,0.06615520059979947,0.02658535251490927,0.03847168899907653,0.13921423821011558
193,0.09475394329153157,0.1273873250708372,0.03848526692672749,0.07399580655085931,0.022426207583824482,0.0673551112122368,0.06257559067065206,0.01379009650372609,0.07462365339354922
194,0.020558733223879244,0.058499983200211624,0.027790033841786983,0.09232873442427565,0.02341677534544336,0.09745738248966518,0.07519223387741174,0.03051815704263087,0.10808925730331491
195,0.04036927650061747,0.04919155677392458,0.04240697530015799,0.07258790829109785,0.030296547905891202,0.0847364415985794,0.07712583311755832,0.01824267837704004,0.08457750271069624
196,0.029605542367789894,0.0756340239252798,0.02467784493152673,0.07145851367386058,0.03163426824903581,0.0740936039413403,0.13490125820195922,0.07491619583258095,0.17606282668566564
197,0.05879430676577613,0.17544349797147638,0.24056896136607975,0.1709166841089124,0.030539075494743884,0.15899612170566493,0.250245999530307,0.08320865945521898,0.084054461112828
198,0.2045155186400128,0.26423407495409873,0.29248184776709724,0.12597703487457088,0.03792298579355702,0.11408759925204019,0.14429148866717392,0.032867186009146586,0.09692281549844968
199,0.05928708246695654,0.13500733578014965,0.09662568128987914,0.08657089875487145,0.08354388934094459,0.11989852658007294,0.2252616794188119,0.12102141393794834,0.0769980038991586
200,0.10203150515250552,0.12952835247900416,0.07651512975038106,0.08091061232213785,0.049876940367539646,0.08684787865786348,0.051252228734180484,0.03890804560311759,0.10005188259917001
201,0.04831103335285055,0.1663454186054878,0.04671547425459721,0.07827617858007822,0.046302680139585085,0.06142605425823907,0.04505503488083681,0.032996209546884835,0.1423876580738579
202,0.07568310018784057,0.10682686083600856,0.05721531033244295,0.09496987287032728,0.04429384111426771,0.07731853854541744,0.04192225322670614,0.01846475298467946,0.06764351761861083
203,0.034007569891400635,0.07003094810837258,0.042948310408974066,0.11825813988252776,0.03872069619440784,0.07237216526361105,0.06735920886664341,0.024899920925236074,0.07978514221031219
204,0.017532991963283468,0.09261760834003023,0.12457286395753424,0.10792398538736354,0.02417439076574131,0.06823265541000485,0.04418426201057931,0.027802838403052494,0.07582427716503541
205,0.032114640445797704,0.051879595028367476,0.032958837880869396,0.07151888582059958,0.024260530354998384,0.0575709814450723,0.03050675489551698,0.02220026326055328,0.128208555552798
206,0.038527245643005394,0.03815510756612639,0.03205051760111625,0.07493343565329269,0.02684730852100377,0.056446254877907144,0.025342495243724745,0.030568360942803945,0.09332382644060999
207,0.030334505679093127,0.029206188298606623,0.026643422833027824,0.06775344802432907,0.042229480478757374,0.06996992108967486,0.06300126660304765,0.04758287457904468,0.1546796519542113
208,0.05760418813830862,0.14658802382958433,0.15748099358946396,0.21415236676693894,0.05152399989310652,0.14855703661548128,0.2268322208741059,0.15405102280783467,0.08963622727120917
209,0.09268332891224418,0.33640129457732354,0.1864855305708867,0.11024430793865274,0.06116048060842635,0.1265024718498656,0.2057166181039065,0.0877569579485377,0.14365005433865008
210,0.116793905084099,0.2936148173175752,0.13159409042903766,0.10176550214722131,0.0363002824257516,0.11116829258389771,0.12829771381802857,0.08907981154091733,0.11650779510152158
211,0.029075068683596328,0.2505125364671888,0.06183626454003388,0.19423654865628728,0.03390950759785483,0.1247762027293599,0.19638781971298158,0.031936230564800404,0.07681620799363979
212,0.07582875860195297,0.07683548001417269,0.04250089823229549,0.08207392640179023,0.030875792865723877,0.06544168395824575,0.06892326610977761,0.02093716314023671,0.10227644680708181
213,0.031529756056746315,0.06905210487214693,0.04380158575319607,0.08465017561199299,0.034550207909584664,0.05926480616714495,0.0383424964529695,0.022559786306374008,0.08428530248541695
214,0.02411829370733661,0.06895915292746697,0.027182096848264337,0.07021527156575758,0.0322707344336474,0.06487118015381081,0.029043978448801983,0.024883169545015942,0.08277135838579852
215,0.025154058714785304,0.053665083347974964,0.025736271173324592,0.10849239079592128,0.021540658398104522,0.06925343650800642,0.06374033814063296,0.0327583717686745,0.07196804826768737
216,0.05335861718049273,0.09647014288384526,0.10176420079854627,0.10552288411417976,0.0660104025931408,0.08404883770951226,0.034598832731717266,0.1110092549934052,0.10302756132538586
217,0.04471500868870256,0.2462699127693971,0.13279206968824533,0.0896499151228151,0.032261034820597466,0.13561142535278728,0.23118775969487615,0.07122492681082804,0.0860250003170222
218,0.05227265302770926,0.134308185991055,0.14220479407231323,0.08325597127744307,0.026653986891081633,0.05493297113571316,0.03986126802919898,0.06324497790653065,0.09920563613801885
219,0.03238995976668472,0.18778089984940985,0.13758878936156785,0.10533654241711095,0.027955815156625857,0.07366824226725537,0.10329174628956632,0.014618899983664354,0.10992224086658098
220,0.027485995427317295,0.044450367257619895,0.026491842368462432,0.0670940064592287,0.024043579872037906,0.059310590044939694,0.04039858754549641,0.019197983984971263,0.09233924330571124
221,0.01680632973148022,0.0226578029008427,0.025477780238967778,0.062039495018931724,0.01999508108322819,0.05644224631396355,0.029177509488363285,0.016591755867314834,0.07662031511426903
222,0.01004936524744456,0.03616715443786234,0.028721381958651666,0.0642761176835241,0.022475323484589655,0.056019962531233126,0.03676398198270666,0.0121643865598647,0.07839343720843317
223,0.007820097273603702,0.022201904153916985,0.022969691917145003,0.06620099247811595,0.025111375670652098,0.061578095536485,0.04117457812147526,0.015374855390594652,0.08858450555514234
224,0.012549975028377958,0.026913445994371916,0.01944558194615335,0.06187178564747834,0.019158417716729065,0.04931597456258411,0.024949812053819187,0.021508073400279198,0.07853790807227294
225,0.03330746035984097,0.031099228469732527,0.03181451281367723,0.08506704833901797,0.03231314568741558,0.06771702047505339,0.07176581134929923,0.03123546736605931,0.0905439863539262
226,0.08909463913975439,0.19102274945665462,0.056775106951439135,0.07851863510344022,0.02100238238926977,0.07108739292137518,0.03375326524716608,0.041443347775687776,0.09129056317033246
227,0.11641020337022685,0.05499780950291703,0.02430952701494486,0.067434258889989,0.030999093144297756,0.07849785543173009,0.07039778165441628,0.025755646124404546,0.11094793200512261
228,0.020940171244243782,0.04367231854121201,0.02319852398553242,0.06722460061428137,0.024788945402785128,0.06965008919360116,0.06014217723289524,0.021026372641548125,0.07376041108121474
229,0.017395082943645928,0.030183475823529687,0.025816913336408714,0.06963978034824929,0.028377800836703198,0.06321153287232543,0.046245575319820396,0.020693151256030735,0.12313618473611616
230,0.03723534776751573,0.02890091121662408,0.03423785413663912,0.0637724688082623,0.02281061930625583,0.05478627530101221,0.023847330145751282,0.025701093235208344,0.07418569572231111
231,0.019237903334821265,0.023551062651677057,0.03055598502396606,0.06866687049114262,0.031030709598174628,0.054096519209754966,0.0179870167048648,0.023327182842573773,0.10039365485620995
232,0.03382255249319618,0.021457170349701,0.04488877040178826,0.06849567822306805,0.02569316311686028,0.06860286680360635,0.018721510487011983,0.02242552748066373,0.07497120399966661
233,0.02125167259509908,0.024933111995778745,0.020919553033309057,0.06365152332970563,0.03194120274565648,0.04847784553809712,0.0190244855475612,0.04109966537604729,0.0726835355356646
234,0.0681976217480648,0.029242696628595393,0.04044732232917644,0.06350153076346032,0.03275978932409392,0.07370731092790568,0.05571704819643249,0.10549454821739346,0.09210077403501297
235,0.09312674168237815,0.1052816782806379,0.27773515460103226,0.10855052016753082,0.05703507316714725,0.16012610396379992,0.22865150311796847,0.1939475329979056,0.08206643768547413
236,0.10115386925948162,0.2988535551060825,0.2707703038940963,0.10299699016468367,0.032119956119762115,0.11495657499472145,0.04735883961742123,0.030985266426190112,0.0640988065606507
237,0.035057248790205144,0.05506202473285763,0.02854923964120341,0.09173895377898589,0.024627554611167096,0.06822440001997165,0.026698890901267685,0.029511964617995545,0.06127491655449072
238,0.03025893719556431,0.027509505370593008,0.032687766700595,0.07313224743120372,0.02653730908302047,0.10647125643057127,0.09693157822281744,0.05741602787626713,0.10712664247936725
239,0.03722216361347819,0.09335883481738468,0.040439776700319875,0.10650804129060513,0.027186079323049245,0.08219342026980787,0.09561510146401513,0.022461851964180823,0.0891418835769097
240,0.028753016047024477,0.039199378288079366,0.022469597475719638,0.0692706915870076,0.03146675193177847,0.06010472177392027,0.04489073622971773,0.026527931598441985,0.07346524935079894
241,0.05054827852291055,0.053275680899484236,0.033546099368929085,0.07081736642673302,0.021131583392464865,0.050479510779647775,0.015368057652570618,0.0187490858467451,0.06637337455928598
242,0.01861062226695746,0.03210806765127927,0.05969566595740616,0.07464562881796155,0.04634636052651331,0.057968520937720314,0.0571277475488993,0.040804513468174264,0.08842476970676216
243,0.04928267965988198,0.046072188721154816,0.024241232598190738,0.06580229932054256,0.02465262386976974,0.06683408518195695,0.10551758462194509,0.028470428941848997,0.0926950829452835
244,0.035273167884345945,0.16150373930334658,0.034958181757247075,0.07043304920080118,0.0262419593436789,0.061472661657414086,0.021190630878360633,0.031364266115512386,0.07493523919644456
245,0.11377264081238536,0.15203043224755675,0.026988704688847065,0.12277047619378816,0.04698895566010227,0.14847846619280367,0.1968094642094608,0.03384493969497271,0.11421900028411376
246,0.06929746943690891,0.08631684298597975,0.028927429842345493,0.06564717580719541,0.027930622978601605,0.0972544215619564,0.1744319286517566,0.0390869381808443,0.08108029045009364
247,0.08916158772384127,0.2157279909394371,0.08044396321444462,0.0901013848100168,0.04273332788943662,0.07990693916023399,0.0220506316012082,0.02445135696325451,0.14539383258670568
248,0.02862587753528108,0.04116761663074916,0.06520103760218869,0.07540255073884812,0.027989002567968175,0.11598417011070221,0.03485815060169747,0.040912430105284635,0.07430733208699773
249,0.03902459380030147,0.05470660018424193,0.06657720191166543,0.09843890185099251,0.03472881039488129,0.05040620008367114,0.021508167517216254,0.020833561262406874,0.060703577694463697
250,0.028990290738875046,0.02134784997906536,0.038317448072727224,0.06659352101026646,0.02491431346728253,0.062311357158857085,0.02440777599986177,0.0259176197675212,0.08282140651256971
251,0.02773823404762273,0.020101518392038997,0.029509139237537358,0.06556943190419891,0.022534478794720297,0.05104056755226338,0.017909172631334513,0.016902491586127628,0.06525884517213854
252,0.008140419522533193,0.020274322780702885,0.020877982286037877,0.0655142155495317,0.02429011038232905,0.0450822028312056,0.016659768766354926,0.016343777724008152,0.06094411705028809
253,0.012093509193618956,0.02068520340253599,0.030879481569475804,0.06156154184403325,0.025372147758995805,0.06483803988279153,0.0234819138374102,0.02098300391420101,0.08647813795081068
254,0.009038692111062119,0.022527585737407207,0.03469702998700086,0.06268450389810216,0.021757879520009737,0.04574179858536809,0.014816003513866841,0.015667767602887277,0.05715784507219723
255,0.010879124807009552,0.026625575177604333,0.039870923118238956,0.07237130223074928,0.0238448214319457,0.0440954651106343,0.016394581548714388,0.01577926631216542,0.09653410796696942
256,0.019536427508379955,0.01838541687417698,0.01863622014449599,0.06094289611246495,0.021760692936368287,0.044965096317658514,0.01732030891192456,0.012605792677883679,0.0864168830824686
257,0.009305689493582273,0.016015431445945676,0.019406923999971088,0.06046206695221675,0.017673495180739945,0.04174329918654015,0.015258553651316712,0.015338423410867108,0.08181461440835847
258,0.010555175812138865,0.016882290015928447,0.04317685425727783,0.13323069525843798,0.022756103428643353,0.050631538455490954,0.04136743384636551,0.03470739868741172,0.12004805924758936
259,0.06699306584293178,0.13899509026668966,0.02677103895196827,0.06988937128092705,0.05309806519653648,0.0584544819915512,0.14407462995829215,0.08588556500520401,0.06999027834050746
260,0.11368687949531402,0.3670933141838759,0.7776658123960564,0.11095295132448275,0.12007416092577235,0.11322421665924291,0.1385489238940257,0.17420707513034964,0.12013298401143402
261,0.08597447049881642,0.11567077182310943,0.18798647916022068,0.09613395677297376,0.04862627713009715,0.12822254395723576,0.050115791915838294,0.02824345106394806,0.10031385367256007
262,0.027992509759011835,0.06221433110780102,0.05713792487828565,0.08213920902926475,0.02641327221075092,0.061931407510807425,0.041368662561581004,0.02589148892244945,0.05312991194659844
263,0.025524343651037878,0.042296593082331434,0.041444113853989016,0.06279242843932782,0.04522989146062173,0.055333912031831765,0.02785495621113417,0.017249202030749682,0.0673736876451585
264,0.02991586387179268,0.024005730305968125,0.02230648091790499,0.06627845095984715,0.02340012353185254,0.0574621040529261,0.017446218233089894,0.01395458632032387,0.05657298417402975
265,0.01436889613129703,0.017090047457410645,0.024293164586803567,0.0628285186442857,0.019395802986158135,0.05670489765179809,0.02044983134328504,0.016549140115481958,0.07226172161123638
266,0.02006698281062806,0.0321620500174807,0.020940427610184997,0.0636112556506608,0.02357169355188186,0.0520998034880904,0.020152951389415346,0.014262951206546859,0.08422101991406332
267,0.014837440236685021,0.01829718830413185,0.028110324617349153,0.06219870948431586,0.023004773902357556,0.07559748362594594,0.03192293723138088,0.016075003031194985,0.07365283202367816
268,0.02866533017368056,0.04367501920205541,0.06009212813417738,0.06444405849712591,0.024498394785041455,0.06940910591705081,0.018391881728651544,0.021681387511004385,0.07500231781644591
269,0.02342125040013343,0.022881952274474315,0.022592850272000458,0.06310467955336208,0.018579001174657606,0.04770730463011811,0.038909482022669785,0.022819732473484084,0.2707575923607995
270,0.08030641540851018,0.0767295331073304,0.02841974247712642,0.06488098392583197,0.01951123543161278,0.05124967710192626,0.02998179888042311,0.09222461612322756,0.07088463281979784
271,0.02270668910690195,0.024518121557775885,0.03285457733727526,0.07108226154620449,0.028999298368338106,0.05848404610393724,0.020471714485514287,0.025912549019267317,0.08809014713551733
272,0.02302042422767651,0.043248183404405914,0.023358825932518812,0.13538543061440578,0.024774303019512445,0.10692183006904088,0.22310657708051926,0.10758758664208774,0.0846832247649824
273,0.035937344437115826,0.09225545312801842,0.05469517000407601,0.12621357294119662,0.019538332950711872,0.050159092482923974,0.051575953363984205,0.02289887141281118,0.2894416384709378
274,0.12575195124857905,0.24048175772380395,0.15995359347046664,0.08023183087546688,0.035957991897400156,0.05817039491375908,0.062468986439247,0.06535258293539907,0.23044867039425299
275,0.12291988670889016,0.13983941534146047,0.08879837262793444,0.08543781565579896,0.027621347379560273,0.07131630042567849,0.0576882488191283,0.023636755979775142,0.10017700998772246
276,0.033408501939751055,0.025390336249984102,0.04861218121368438,0.061192513302861094,0.0243983629673797,0.06104981553410956,0.024057262906959902,0.04028851364273578,0.08408018844177907
277,0.030992003123780403,0.06878778776687493,0.026805100981922198,0.06617675769181612,0.026962626521708444,0.049558396936239056,0.019902765105750102,0.024725712748477235,0.06809941015671939
278,0.022959226102102548,0.042498311377736776,0.02503381754407504,0.06293868495655867,0.028399022533752333,0.07316976055153646,0.028060425897516932,0.01477262370948059,0.0744487603642483
279,0.010244446132370891,0.019796168049045566,0.026606328164537747,0.06098218667708958,0.01884423771116417,0.045932083053533766,0.01475542654710201,0.014354071230627596,0.06811799024580978
280,0.008202571310296966,0.014857169075791413,0.023236039203766268,0.06044166490028147,0.018901568138971925,0.04882600986942028,0.015005645303366085,0.017842262675306603,0.08396701658299814
281,0.008872710560050715,0.02102560445200652,0.025303600661573,0.061096492844323315,0.022301446971444722,0.038509226253760666,0.014561977703124285,0.011757385267022377,0.05143491951215159
282,0.01352529746630656,0.01479481549661917,0.020581258334762726,0.06078942776609134,0.018950043622074492,0.03691645156747351,0.013208424400848648,0.013365040300413966,0.05460965406928153
283,0.010610961932494925,0.014421157661975789,0.017111439354872953,0.06072170088494507,0.017717264047557062,0.03713808616157621,0.012416861961052442,0.014948467531212373,0.0681544180746035
284,0.010045122869390374,0.017118535170690546,0.018482159328414127,0.05931739405787084,0.0171389263899376,0.03554335865192115,0.013583117087061206,0.011917684232078804,0.08369144807268943
285,0.008257664400540913,0.012896682232773552,0.017487021978013217,0.06265482622742032,0.017414018521473434,0.03522809533509038,0.011831732583232224,0.013137534850102384,0.08229425484508586
286,0.007105118048760535,0.015016693175615122,0.018346809374634176,0.061517333602144696,0.01691806745172168,0.03565422003157437,0.012799520605767611,0.011627867415275736,0.08373088278070402
287,0.006842875341438533,0.013294076671930574,0.015017913493162874,0.058598361885136306,0.01607878022089911,0.033437448796272896,0.013120261841928974,0.011417718761852788,0.08755338791039928
288,0.007316284808136213,0.01243435564902029,0.015965387464045005,0.05828455011942424,0.015454735718473481,0.0339850270562844,0.012826200196286663,0.011133519617336182,0.08201451909068662
289,0.009306794236181304,0.012443892104784027,0.016551957921668265,0.05857746685311819,0.016497285158645052,0.03167920088162646,0.011493654885877428,0.012944694380469931,0.08548668085131794
290,0.012235665602929657,0.012240571424626978,0.015637757341513254,0.058250773591983794,0.016018330132889485,0.03238815128861461,0.011549752682185499,0.012304599125248691,0.0823499239825954
291,0.008627022554568006,0.013010398591480529,0.014264237441238947,0.05826995199701438,0.016696403957515333,0.03261114153186403,0.012191091278509703,0.012268406231972525,0.08363178466485503
292,0.009509120818014102,0.01458716254758959,0.014948641573331164,0.05782229173807233,0.015988390427082777,0.03698359429836273,0.01189442369407819,0.013148080727357106,0.0741553962228257
293,0.010431316404719837,0.01700656974571757,0.01961423089718058,0.0579704295960255,0.015349540812167106,0.03337364448877148,0.012240522657521069,0.018923249241197482,0.09857396211433904
294,0.014649600629733564,0.02942737685710502,0.04240214132975476,0.07536008209960225,0.025568617704266217,0.08756188311478279,0.021665583447126362,0.024221044198687498,0.10899133660859661
295,0.01697537575091701,0.03965464486585309,0.05497641945112264,0.06796213546112995,0.027525991506990977,0.04633943550531209,0.0787786600922118,0.055963029813331865,0.0816937965573743
296,0.294928754172967,0.48245571957280237,0.5037261997786118,0.14430180413182825,0.10183263272241068,0.16453182233575112,0.22009161737029595,0.19518722733482718,0.09619049253524281
297,0.15632635260893343,0.4521075551553319,0.31844181240497466,0.14578877051826566,0.040620851214043796,0.27468632673844695,0.2839284382450084,0.2577324371280459,0.12392433342756703
298,0.1841660248270879,0.5600945338616535,0.35928524130334455,0.13717272071517073,0.06427446300707136,0.16227470524124024,0.22154479038969535,0.19488651812813865,0.09588412751812332
299,0.17027802560672475,0.5331536714851003,0.352256256272085,0.13784864383827275,0.06268257834017277,0.15796796729167303,0.21761268672222892,0.18286474043270573,0.09611251515646775
