,train1,train2,train3,train4,train5,val
0,18.904411628842354,11.46474476158619,11.136084407567978,11.423443456490835,12.30016134182612,11.057945554455122
1,10.707648118336996,10.135464459657669,10.739106704791388,11.431911890705427,11.486974209547043,10.577384596069654
2,10.523682609200478,10.00424548983574,10.438745126128197,10.882661491632462,10.90117609500885,9.576982046167055
3,10.0583725720644,10.286454101403555,10.354549323519072,11.016173218687376,10.94613142311573,10.321513891220093
4,10.370152379075686,9.53043982386589,10.343857010205587,10.987528343995413,11.4192483574152,11.695436333616575
5,10.376383746663729,9.763619348406792,10.471769904096922,10.497581700483957,10.64099338153998,9.766909157236418
6,9.916649108131727,10.081746881206831,10.06191006799539,10.312347208460173,10.444796591997147,9.18489520251751
7,9.663157055775324,9.391340379913649,10.389367128411928,10.541150708993277,10.5788377871116,10.098975588877996
8,9.79179897904396,9.434954111774763,10.043580785393715,10.64683241645495,10.293734759092331,9.76668823758761
9,9.916168878475824,9.59684539337953,10.33349190155665,10.601325263579687,10.230055689811707,9.284686848521233
10,9.43299495180448,9.325493728121122,10.001678874095282,10.505457028746605,10.40994573632876,9.062392801046371
11,9.260568549235662,9.134629925092062,9.626505091786385,10.968160654107729,10.706639761726061,9.404864102602005
12,9.827131733298302,9.355628858009974,9.89349259932836,10.845171267787615,10.418751917779446,9.054103530943394
13,9.466229359308878,9.018590211868286,9.721984048684439,10.063979610800743,10.291904926300049,9.749154989918074
14,9.461235746741295,9.258720204234123,9.78383594751358,10.073289463917414,9.96598069369793,9.084539011120796
15,9.330191115538279,8.937346170345942,9.555104101697603,10.116000245014826,10.214381883541742,9.49746385216713
16,10.030398736397425,9.563660810391108,9.876174141963324,10.087446371714273,10.239308595657349,9.061640446384748
17,9.193997651338577,9.202553485830625,9.594104245305061,10.477602223555246,10.524435569842657,10.457094952464104
18,10.198796600103378,9.502026483416557,9.890754650036493,10.003791362047195,9.997344896197319,8.673684944709143
19,9.462995131810507,9.106520573298136,9.595756724476814,10.091791530450186,9.731590817372004,8.467913235227266
20,8.990729709466299,8.918704499801,9.588593631982803,9.863761593898138,9.678571100036303,8.506132687131563
21,8.903641869624456,9.508288075526556,9.527913322051367,10.189611102143923,10.228527079025904,8.57320712506771
22,8.978344962000847,9.252747202912966,9.863455221056938,10.205648933847746,9.588956713676453,8.129860108097395
23,8.572243640820185,8.806320264935493,9.350843081871668,10.111479247609774,10.046720266342163,9.471211885412535
24,8.994592865308126,8.601267161468664,8.885790648559729,9.620723312099775,9.71827526887258,8.60332821806272
25,8.878408124049505,8.721874882777533,9.304614096879959,9.38374794026216,9.687107880910238,8.229394187529882
26,8.781180610259375,8.792237147688866,9.286554555098215,9.59481474260489,9.445324336489042,8.249408051371574
27,8.90943885842959,8.438006974756718,9.276965734859308,9.119069119294485,9.735620066523552,7.931399449706078
28,8.678212051590284,8.488917658726374,9.421263923247656,9.121070938805738,9.627819622556368,7.833119983474414
29,8.461679220199585,8.31195442378521,8.810720274845758,9.639113028844198,9.343199948469797,7.730715411404769
30,8.687099481622377,8.287445902824402,9.058214724063873,9.151081323623657,9.46276048819224,7.794383337100347
31,8.391259665290514,8.228204011917114,8.956034809350967,9.477843726674715,9.216346522172293,8.163074513276419
32,8.247432547310988,8.216909810900688,8.861423681179682,9.747570544481277,9.512607042988142,8.609210496147474
33,8.919479981064796,8.174459973971048,8.479883914192518,9.336400384704271,9.466872577865919,8.32271350423495
34,8.85534725089868,8.864237422744432,9.045840114355087,8.9938162813584,9.164477204283079,7.547892491022746
35,7.74312599003315,7.804716696341832,8.56675474345684,8.631828337907791,9.139946098128954,8.455229858557383
36,8.592066963513693,8.421774139006933,9.205738852421442,8.836698159575462,9.520091265439987,7.569454950590928
37,7.940510012209415,7.785839135448138,9.036952704191208,8.826687956849733,9.579424748818079,7.742630938688914
38,8.581585849324862,8.318248624602953,8.241642162203789,8.920308868090311,9.246960749228796,7.60801537334919
39,8.319504966338476,8.160804986953735,8.323979201416174,8.067701801657677,8.618591209252676,7.582557270924251
40,7.697501863042514,8.212418412168821,8.730489681164423,8.932654410600662,8.473889335989952,7.522790347536405
41,8.447894170880318,8.588066746791204,8.412785162528357,8.591228495041529,9.388227671384811,7.685744270682335
42,8.297673712174097,8.161120315392813,8.54836026330789,8.591871763269106,8.830299387375513,7.203256587187449
43,7.753377025326093,7.745039269328117,8.4682713697354,8.593352908889452,8.431681677699089,6.9832891921202345
44,8.142015919089317,8.010477724174658,7.738703380028407,8.362229029337565,8.713183164596558,6.923769921064377
45,8.400744964679083,8.092650808393955,8.56698426604271,8.495448350906372,8.90911408762137,7.795731045305729
46,8.771288678050041,7.881532748540242,8.491730218132338,7.91988846162955,8.47611589729786,7.902635050316651
47,8.652379433314005,7.765655765930812,8.844785461823145,8.586982359488806,9.057837590575218,7.441938802599907
48,8.047260920206705,8.649242704113325,8.060082770884037,7.841860781113307,8.460571187237898,7.417349477608998
49,7.84065713485082,8.04320277273655,8.18430581688881,8.0877167036136,8.627336114645004,6.61390683054924
50,7.297987297177315,7.6739005496104555,7.930214112003644,7.5518970390160876,7.626619691650073,6.609741086761157
51,7.267986357212067,7.01020871847868,8.341505443056425,8.478293354312578,8.381638556718826,8.77329108119011
52,8.062595213452974,7.594117800394694,8.121329118808111,8.110109468301138,8.988724301258722,7.113074908653895
53,8.544699594378471,7.975247705976169,7.983291318019231,7.700004890561104,7.718010261654854,6.49606125553449
54,7.313689236839612,7.001176620523135,7.627139523625374,8.11789128681024,7.9523268441359205,7.555338141818841
55,7.181697855393092,7.542873660723369,8.628777265548706,8.225377778212229,8.343664012849331,6.68428651491801
56,7.589696548879147,7.565720848739147,7.548631009956201,7.788335266212623,8.680455354352793,7.303306892514229
57,7.410852541526158,7.002711007992427,7.144006421168645,7.459147930145264,7.676823923985164,6.662322469055653
58,7.423136740922928,7.4802317644159,7.807802269856135,8.671088427305222,8.336147929231325,7.298954476912816
59,7.757099186380704,7.677388009925683,7.9933604796727495,7.516740873456001,7.957075883944829,6.514267797271411
60,7.957122301061948,7.373259713252385,8.318224057555199,8.366282234589258,7.834977428118388,7.414631644884746
61,7.167467748125394,7.3540226221084595,7.9556484917799635,8.210891673962275,8.751101315021515,7.202190165718396
62,7.749859566489856,7.309687326351802,7.384284883737564,7.939873730142911,7.887008706728618,6.608981932202975
63,7.405042365193367,7.649282728632291,7.425537591179212,7.740546176830928,8.257861107587814,6.222267945607503
64,6.8852046976486845,7.142115116119385,6.818232481678327,7.2973728477954865,8.137119273344675,7.64651142557462
65,8.583562682072321,7.299513027071953,8.022501766681671,8.489474028348923,7.987563421328862,6.857717640697956
66,7.199193745851517,7.181748653451602,6.970946222543716,7.310632720589638,7.4275258431832,6.40690191090107
67,6.637173304955165,6.751294900973638,7.1509855017066,7.761557936668396,7.390331611037254,6.505193516612053
68,7.007767707109451,7.4177004272739095,6.884720221161842,6.848452056447665,7.044535458087921,6.139766578872998
69,6.893213659524918,7.367873790363471,7.169193548460801,7.40019824107488,7.388246079285939,6.360983153184255
70,7.076320566236973,7.146209299564362,6.55655371149381,7.473988192776839,7.063713639974594,6.276994525144498
71,7.285345996419589,7.1439178586006165,6.702034751574199,7.0276642342408495,7.16423703233401,6.0071008776624994
72,6.841114143530528,7.591285978754361,7.477347391347091,7.823356866836548,7.212932581702868,5.952554605901241
73,6.375178888440132,6.970083703597386,6.1816485449671745,7.5894567767779035,7.5413341124852495,6.142719147106011
74,6.25327497224013,7.8369461099306745,6.752363925178845,7.418353113035361,7.409788692990939,6.309144482016563
75,6.640671347578366,6.837779720624288,7.356754347681999,7.548619429270427,7.7044422179460526,6.423822298645973
76,6.884179497758548,7.941126654545466,6.624423747261365,7.412714675068855,7.5680354833602905,5.940550913413365
77,6.7342125823100405,7.622705414891243,6.429381946722667,7.675836245218913,6.847274939219157,6.389812539021174
78,6.419142921765645,6.54329235603412,5.955091814200084,6.8919368262092275,7.117724175254504,6.464409028490384
79,7.354081690311432,6.554882739981015,5.869523170093696,7.297374501824379,6.863065933187802,5.844280888636907
80,6.5339649592836695,6.800099352995555,6.086010893185933,6.502656728029251,6.666898528734843,7.49721796810627
81,7.317828873793284,7.084202980001767,5.6751979142427444,6.290556937456131,6.984020531177521,6.166493295381467
82,6.228487928708394,6.572448556621869,6.674639165401459,6.51256063580513,6.699306334058444,6.482248105108738
83,7.0121415356795,6.6509743084510164,6.179054267704487,6.5386000126600266,6.720768764615059,5.74353389441967
84,6.991649960478147,6.449455991387367,6.0807070930798846,5.915845106045405,6.177360437810421,5.819254121432702
85,6.11895918349425,6.393111551801364,5.342636535565059,7.2882812569538755,7.148101091384888,5.886486649513245
86,6.941762472192447,6.470672541608413,5.711352581779162,6.958152641852696,6.8769498864809675,6.068257001539071
87,6.910726986825466,6.523438448707263,6.0531007051467896,7.197156975666682,6.771480470895767,5.966659635305405
88,6.970918248097102,6.4944280336300535,5.9240715106328325,6.374463158349196,6.636943717797597,5.1888086423277855
89,6.786326924959819,6.8658889929453535,6.329376131296158,6.962959824750821,6.4119152426719666,5.19473489249746
90,5.775249828894933,6.188791086276372,5.710281051695347,6.686644926667213,6.832567463318507,5.5621083577473955
91,6.363363578915596,5.982832002143065,5.627458622058232,6.291706671317418,7.65824078520139,6.637266544004281
92,6.727435169120629,6.659116735061009,5.582628712058067,6.9115519896149635,6.610141158103943,6.240195532639821
93,6.621946570773919,6.167838250597318,5.707684208949407,6.28070297340552,6.485510105888049,5.403817815085252
94,6.317871247728665,6.316325192650159,5.209079799552758,5.908345505595207,6.663227275013924,5.767123694221179
95,6.901614045103391,6.799384298423926,5.498045238355796,6.274548294643561,5.7792254239320755,5.356182960172494
96,5.639556397994359,7.058340236544609,7.535854130983353,7.465388717750709,7.067168205976486,6.320780833562215
97,6.1868452827135725,6.272383128603299,5.83024226129055,6.573715840776761,6.657667060693105,5.369460612535477
98,5.845975970228513,6.052247857054074,5.1780770520369215,5.834139888485272,6.535502165555954,5.365558542311192
99,6.2899690469106035,6.308834761381149,5.225287752846877,5.928760836521785,6.53782877822717,5.088010882337888
100,5.601650630434354,6.07524448633194,5.745889122287433,5.777272090315819,6.5002047916253405,5.753719175855319
101,5.917194714148839,6.35274009903272,5.096124206980069,6.156680718064308,6.748992249369621,5.62532373269399
102,5.714613551894824,6.894392783443133,5.196814376860857,6.243950138489406,6.465162664651871,6.3419109135866165
103,6.895814369122188,6.180329372485478,6.256999070445697,6.799261639515559,6.380890764296055,5.416039049625397
104,5.91030331949393,5.5905205979943275,5.228006651004155,6.059065545598666,6.812604735294978,5.09561803440253
105,6.020653568208218,5.542816872398059,5.533895929654439,5.534645693997542,5.793454284469287,5.263862048586209
106,5.841288397709529,6.346715768178304,4.706913746893406,5.860956199467182,6.7034509380658465,5.17996267726024
107,6.603477696577708,6.956788410743077,6.001135940353076,7.361568361520767,6.871842031677564,5.218200293680032
108,5.680768844981988,6.18723248442014,4.504270215829213,5.680427268147469,5.807249844074249,5.6493883443375426
109,6.0130583345890045,6.131245344877243,5.051834344863892,6.379907796780269,5.8576182921727495,5.290646351873875
110,5.876285610099633,5.676553949713707,4.474323918422063,5.768944111963113,6.017544488112132,4.874532823761304
111,5.535994450251262,6.21617362399896,5.2941133578618365,5.280533850813906,5.76875854531924,4.385984008510907
112,5.724820752938588,6.0233834236860275,5.36711011826992,6.320470189054807,6.365985778470834,4.875658671061198
113,5.147791778047879,5.662397173543771,4.2958212072650594,5.508060947060585,5.5981114183863,5.018224251766999
114,6.313043316205342,5.4345507224400835,4.774755289157231,6.3366716007391615,7.074020862579346,5.284565741817157
115,6.342483669519424,6.7085792645812035,5.009196276466052,5.888341551025708,6.078883637984593,4.5533380297323065
116,5.3185113569100695,6.0311436007420225,5.492755442857742,6.208965505162875,6.329288467764854,5.173302846650283
117,5.4693451796968775,5.970075274507205,4.708957528074582,5.442454397678375,5.825123983124892,4.980288287003835
118,5.585508693009615,5.029398237665494,4.572421095023553,5.785883769392967,5.28612353404363,5.028768002986908
119,5.817403306563695,5.597334414720535,4.69511978328228,5.642802953720093,5.427568746109803,4.701385219891866
120,5.45137773702542,5.674946283300717,4.144032975037892,5.690477788448334,6.095091680685679,5.497869449357192
121,6.147842008620501,6.214063337693612,4.6327686210473376,5.033244917790095,5.9431576778491335,4.840193745990594
122,6.098329787453015,6.63704639673233,5.365617310007413,5.67401422560215,5.703877041737239,5.29147573808829
123,5.53591192762057,5.181446547309558,4.473239546020825,5.081979056199391,6.12442975739638,4.342818142225345
124,4.988984689116478,5.423448070883751,4.2189889798561735,7.144100345671177,5.766724675893784,5.086936255296071
125,5.8563211262226105,5.778779986004035,5.0876942078272505,5.421266421675682,5.8735576296846075,4.163961010674636
126,4.839331115285556,6.170757462580998,4.9296073491374655,5.2952235887448,5.583262359102567,4.419195301830769
127,5.10155759503444,5.905470346411069,3.7652156551678977,5.484129207829635,5.556807617346446,5.730484463274479
128,5.621296562254429,5.970329898099105,4.4945799087484675,5.033704879383246,5.270715142289798,5.043551390369733
129,5.412695695956548,5.503506268064181,4.461371824145317,5.212528174122174,5.83878193795681,4.817555273572604
130,5.286159468193849,5.759046301245689,4.504060993591945,5.349215738475323,5.529362703363101,4.313437794645627
131,5.90453181664149,5.216771952807903,4.106695036093394,5.413771053155263,4.969147175550461,4.230323190490405
132,4.849528806904952,6.136507203181584,4.7080493569374084,5.7680566012859344,5.733925690253575,4.527869162460168
133,4.866561628878117,6.412693051000436,4.027067832648754,6.219074090321858,5.527128979563713,4.817128722866376
134,5.336876144011815,5.267308081189792,4.551084448893865,4.970999186237653,5.09448969612519,4.915515514711539
135,5.336372057596843,5.899349898099899,4.174502491950989,5.745131053030491,5.719956097503503,4.593432784080505
136,4.804669698079427,5.378988593816757,4.311481604973475,5.659818649291992,5.8056568304697675,5.018029933174451
137,5.008760626117389,4.617539199690024,3.633297954996427,5.474917910993099,5.2516935095191,3.95379938185215
138,5.553019729753335,5.17703764885664,3.825146697461605,5.124008069435756,4.737908008197944,4.498913437128067
139,5.1532884538173676,4.9645506118734675,3.4189882849653563,4.766960660616557,5.685549641648929,4.818093661218882
140,5.363388404250145,5.359902476270993,4.31284477810065,5.900138666232427,5.642148057619731,5.629416882991791
141,6.4327977647384005,5.94052167981863,5.210567841927211,5.977100546161334,5.1191194380323095,4.492253966629505
142,5.373079992830753,5.797363897164662,4.148092731833458,5.2065413023034735,4.7570414418975515,4.38483648498853
143,5.080241559694211,5.285584921638171,3.4527441958586373,5.780619037648042,5.755490347743034,4.370048386355241
144,5.512541343768437,5.6398289153973264,4.456312904755275,4.671020754923423,4.418017636984587,4.15933941801389
145,4.1168201342225075,5.111898430933555,3.7215993646532297,5.17729598780473,4.810672322909038,3.988214279835423
146,4.333100085457166,4.745631779233615,3.169766739010811,4.760029902060826,5.530617594718933,5.940439375738303
147,6.8366497457027435,6.08643273015817,5.690950949986775,5.739879523714383,6.112801154454549,5.103641413152218
148,5.127215599020322,4.947412349283695,4.543478635450204,5.499402602513631,5.1100586739679175,4.873152885586023
149,5.877078995108604,4.946684593955676,3.6887326538562775,5.032825082540512,4.753433371583621,4.763398562868436
150,4.901294892032941,6.094958787163098,4.488966157039006,5.456094759205977,5.929693785806497,4.466326581935088
151,5.39736274878184,5.332881386081378,4.864470879236857,4.4308760811885195,5.295872916777928,4.932447711626689
152,4.7027906974156695,5.734054118394852,4.0358149607976275,4.422567161420981,5.458431412776311,4.564621197680633
153,5.0525576422611875,5.112257743875186,3.5409770303716264,3.9794284105300903,4.510652855038643,3.6629855446517467
154,4.548079287012418,4.895606438318889,3.1480507093171277,4.77668418486913,4.222481238345305,4.006193995475769
155,4.594454618791739,4.765065014362335,3.4692369059969983,4.649718811114629,4.444294090072314,3.987675550083319
156,5.208971132834752,4.6733806654810905,3.7776020169258118,5.49223592877388,5.029884745677312,3.725545515616735
157,4.701992472012837,6.008922015627225,3.4649914912879467,4.95043231608967,4.531421860059102,3.7962187007069588
158,4.3313117523988085,4.660038843750954,4.062626811365287,4.59743511180083,4.980964543918769,3.9858520813286304
159,5.288185889522235,4.763766000668208,3.4438409631450972,4.563778035342693,5.235591838757197,3.575638840595881
160,5.218513605495294,5.497155999143918,3.676180231074492,5.114576353381078,4.175449915230274,4.167239628732204
161,4.713503877321879,4.408839200933774,4.081906318664551,4.739891394972801,5.2419459000229836,4.4454525001347065
162,4.776391476392746,4.437672610084216,3.899177866677443,5.166807288924853,5.347781332830588,4.5600137288371725
163,6.135709812243779,5.83364958067735,3.8272062155107656,5.094237595796585,5.135620718201001,4.943156902988751
164,4.905295421679814,4.777256106336911,3.666842040916284,5.094695568084717,4.7027220614254475,4.606912150979042
165,4.561615273356438,4.700652199486892,2.90487972398599,4.210083966764311,5.7235247194767,3.9947289327780404
166,5.659903272986412,5.50708990295728,4.025166417161624,4.965167917311192,4.535431851943334,3.7532576511924467
167,4.6536621277530985,5.095583021640778,3.968931073322892,5.566538105408351,5.354046339790027,4.166877305756013
168,4.8629676550626755,4.7411424467961,2.9361706177393594,5.018402084708214,3.7241501013437905,3.9325650533040366
169,4.830815576016903,4.543437278519074,3.1070571591456733,4.76767727235953,4.834921275575955,4.196143448352814
170,4.816277148822944,5.002640530467033,3.1308488734066486,4.874617710709572,4.837689799567063,4.037278212606907
171,5.016747345527013,4.979850133260091,4.124491557478905,4.62141194442908,4.607756694157918,4.323451578617096
172,4.570116966962814,5.3448696086804075,4.053047925233841,5.417139475544293,5.223989117890596,4.8270134553313255
173,4.6520050168037415,4.934803914278746,3.0157064323623977,4.513319214185079,4.473774979511897,3.9181501269340515
174,4.255942637721698,5.818607638279597,3.403095982968807,5.321779464681943,4.502987816929817,4.82000024865071
175,4.440487248202165,4.231162001689275,2.916428883870443,4.782277901346485,5.078531064093113,3.854685808221499
176,4.64995730171601,5.0478562613328295,2.9969380696614585,4.338984300692876,3.8854593286911645,4.019009237488111
177,4.45944561312596,5.416706462701161,3.8557892392079034,4.770042444268863,5.007046110928059,3.9425222352147102
178,4.537146786848704,5.825038944681485,5.816925463577111,5.8497727662324905,5.29593500494957,5.018683751424153
179,5.053242698311806,5.343959738810857,4.20860971013705,5.322917602956295,4.8103603174289065,4.105188409487407
180,4.815943246086438,5.058838720122973,4.00292544066906,4.741983701785405,5.092037270466487,3.994914854566256
181,4.425475028653939,4.863487385213375,2.9042922258377075,5.882006923357646,4.70967901746432,5.061745433757703
182,5.624541635314624,4.1497091973821325,2.5128945112228394,4.295699447393417,4.220225103199482,4.133029942711194
183,5.348774154980977,4.3762728571891785,3.1397178222735724,4.147464421888192,5.528348863124847,3.317198947072029
184,4.403424064318339,5.064036925633748,2.9138754258553186,4.708223849534988,4.44713073472182,4.016632625212272
185,4.977443714936574,5.006287117799123,3.483436764528354,4.738596970836322,4.173101079960664,3.782819077372551
186,3.9979008386532464,5.088753987103701,2.6779900398105383,4.337680275241534,3.831225482126077,4.102085940539837
187,3.894966408610344,4.531333828965823,3.172493557135264,5.1498105724652605,4.841720302899678,4.766176288326581
188,5.154726825654507,4.454475164413452,2.9755620112021766,4.1074754397074384,4.150569098691146,4.214489782849948
189,4.726866314808528,4.224606100469828,2.912825733423233,4.52517993748188,5.013929881155491,4.45937002201875
190,4.812617979943752,4.384292793770631,2.3021804665525756,4.041776408751805,4.1496149351199465,3.8164658608535924
191,4.291238038490216,4.2168659915526705,2.543303976456324,5.435489227374394,5.145417302846909,5.589314353962739
192,5.886222213506699,5.230409717808167,3.867156113187472,4.398273480435212,4.56255932773153,4.401455747584502
193,4.044563986361027,4.887953380743663,2.71652519578735,3.938120404879252,4.7384705146153765,4.6246644506851835
194,4.339190882941087,4.619094215333462,3.8207072814305625,4.282114961495002,4.084171654035647,3.5342961624264717
195,4.1022709608078,4.561887616912524,1.9849447297553222,3.821215679248174,4.561101973056793,4.662409702936809
196,5.410743239025275,4.768461937705676,2.7404479471345744,4.452038253347079,4.358384519815445,3.6441559021671615
197,5.515470400452614,5.60540693004926,3.799879172195991,4.523585043847561,4.224008172750473,3.815776521960894
198,4.264671757817268,5.712348699569702,3.4630935192108154,5.075670848290126,4.832931384444237,3.7431253182391324
199,4.271187315384547,4.366121970117092,2.59761064996322,3.6433982451756797,4.118925526738167,3.6096691402296224
200,3.9079646319150925,4.849519342184067,2.5463016480207443,5.885409951210022,4.353438804546992,4.026730959614118
201,5.014425992965698,4.852273826797803,3.2633079513907433,4.2916242728630705,3.5649190892775855,3.7641399620721736
202,5.327845414479573,5.33348133166631,2.996125121911367,4.521098588903745,4.576579426725705,3.661991134285927
203,4.027081201473872,4.542841772238414,3.305923859278361,4.175612203776836,4.532932469000419,4.9291208038727445
204,4.522133161624272,4.773696795105934,3.3868245035409927,4.291044053932031,4.593250080943108,3.8161168321967125
205,4.313055823246638,4.310661297291517,2.5005694503585496,4.4557860642671585,4.70355324447155,4.521887245277564
206,4.625636468331019,4.364309184253216,3.289349397023519,4.623945742845535,3.9716946308811507,3.8286483883857727
207,4.683542725940545,4.798301423589389,2.9556044911344848,4.529989843567212,4.479765069981416,3.468685455620289
208,3.595609756807486,3.911684991170963,2.8761506974697113,3.7696524783968925,4.1964048097531,4.253287898997466
209,4.685266683499019,4.771058917045593,3.063950086633364,4.313259656230609,4.072056103497744,3.9938891070584455
210,3.8848702224592366,3.9413568675518036,2.183153917392095,4.354124168554942,4.454578995704651,5.428406139835715
211,4.442322358489037,4.910091747840245,2.637809665252765,4.37694095633924,3.75712750852108,3.7549618035554886
212,4.144428603351116,3.767350047826767,2.1206476675967374,3.50793527563413,3.5564984182516732,3.6457161717116833
213,4.541452780365944,4.705467129747073,3.0162065029144287,4.261410931746165,3.9436394770940146,4.130117716888587
214,4.054189619918664,4.2770649045705795,3.6957202653090158,4.158876806497574,5.111239944895108,4.139177293827136
215,4.37313982596,4.27322777112325,2.8442741545538106,3.3114206890265145,4.062383353710175,3.8976911157369614
216,3.64597350358963,4.2638929560780525,2.24547320852677,3.116064101457596,4.6945743436614675,3.766479440033436
217,4.528903439640999,4.80601945022742,3.2672985792160034,10.132854262987772,6.583904708425204,4.504860978573561
218,4.9739630197485285,5.019372273236513,4.080207211275895,4.741457596421242,5.656088615457217,4.644145493706067
219,4.535372495651245,4.6766587520639105,2.9231374015410743,4.406952356298764,4.029144157965978,3.854168330629667
220,4.42214756210645,5.105241219202678,2.791562912364801,3.860997582475344,4.519877425084512,5.326096273958683
221,4.619570913414161,4.008929332097371,2.8960356364647546,3.955966296295325,3.8166798452536264,3.682832653323809
222,5.081288129091263,5.319059148430824,4.170071264108022,4.690235361456871,4.144798589249452,4.353605190912883
223,4.323117648561795,4.655449862281482,2.190665672222773,3.8247860645254455,3.9058858454227448,3.075821495304505
224,4.375780562559764,4.637817884484927,2.325203207631906,4.484169299403827,3.94433286289374,3.647373845179876
225,4.546840051809947,4.015044351418813,3.0478568573792777,4.283034602801005,5.692612965901692,3.8093555544813475
226,4.285652965307236,4.5548327167828875,3.2759862542152405,3.6823294262091317,3.8726427952448526,3.4287728890776634
227,3.940992950151364,4.771990656852722,2.605364814400673,3.3526672969261804,3.5168958579500518,4.013160302614172
228,3.533371612429619,4.301787056649725,1.7277338380614917,3.3373320822914443,4.067035148541133,3.540316821386417
229,5.6343544870615005,5.607728195687135,3.2488091277579465,5.586171060800552,4.649163777629535,4.040893852710724
230,4.236448779702187,4.220235561331113,2.8520585472385087,4.0299646109342575,4.106289034088452,3.6147181938091912
231,4.081120987733205,4.619857499996821,2.840913721670707,4.653931145866712,4.030552603304386,3.5206842869520187
232,3.9743099299569926,3.9485286697745323,2.046562612056732,3.5696152237554393,4.129336595535278,3.8593365189929805
233,4.975904047489166,6.259925459822019,4.612671521802743,5.887314615150292,5.604826807975769,4.0223832372576
234,5.132551381985347,4.838333286345005,3.307098080714544,4.624789377053578,4.228419338663419,3.7819354198873043
235,4.728116989135742,4.740184545516968,2.9442531814177832,3.8473674058914185,4.2434539049863815,4.244632100065549
236,4.425825958450635,4.109607060750325,3.239601800839106,4.160729323824246,4.259586110711098,3.984020027021567
237,3.720561906695366,4.01350558300813,2.4192508570849895,3.2620070166885853,3.893085210273663,3.7682067106167474
238,3.9650419503450394,5.195428803563118,2.713913972179095,4.289094393452008,4.7324196845293045,4.003206795081496
239,4.168068806330363,4.986192104717095,2.8223407740394273,4.03826821098725,4.340974196791649,3.618699971586466
240,4.321020474036534,3.943269525965055,2.7232645178834596,3.9602265084783235,3.3828022132317224,4.28297879671057
241,4.42184213673075,4.10555433233579,2.1968121180931726,3.457095672686895,4.3512274871269865,3.3324123372634253
242,3.847750057776769,3.619790776943167,2.6042642618219056,3.333002338806788,3.0503962226212025,3.780047764380773
243,3.8773653556903205,4.570322031776111,2.191803795595964,4.034413139025371,4.280028149485588,3.600886046886444
244,4.472821484009425,4.306770759324233,3.051484222213427,3.102412716796001,3.885210602233807,3.614656296869119
245,3.5451065450906754,4.281414270401001,1.946999507645766,3.7252728740374246,3.967566668987274,3.344182846446832
246,4.745213478803635,4.837499799827735,2.6637769800921283,3.870080145696799,3.6051863903800645,3.333007333179315
247,3.8033247788747153,4.042814418673515,2.0415714979171753,3.825581674774488,3.1614476243654885,3.658337285121282
248,4.427861658235391,4.070669695734978,1.6666449482242267,3.944774533932408,3.6659885669747987,3.7093803441772857
249,4.681178922454516,3.8410854240258536,1.8525607995688915,3.590604414542516,3.8029758433500924,3.712763766447703
250,4.427243774135907,4.4281106640895205,2.5031644453605018,4.489382326602936,3.8223398526509604,4.01908852159977
251,4.009664525588353,4.624451051155726,1.9581205373009045,3.9088169833024344,3.9700925797224045,4.30680117259423
252,4.152170655628045,4.3708614110946655,2.212489202618599,2.962049533923467,3.9322834461927414,3.651440117508173
253,4.661284709970157,5.038242196043332,3.0548340678215027,3.5395277937253318,3.24495184669892,3.6411846404274306
254,3.649989042431116,3.9935022381444774,1.81915000329415,3.5348585744698844,3.513988934457302,4.567999007801215
255,4.042874693870544,4.036234115560849,2.5322873443365097,4.339635332425435,4.508984160609543,4.064643822610378
256,4.189246331652005,4.921372810999553,2.4066422333319983,3.5471120551228523,4.104171596467495,3.864864176760117
257,4.251922885576884,5.0302274624506635,2.7438953071832657,3.515996860961119,3.4955424020687738,4.111033394932747
258,3.5187564690907798,4.097145152588685,2.4156978776057563,3.6940158804257712,3.6073409716288247,3.703333248073856
259,3.388575006276369,4.413396134972572,2.7600848426421485,4.22776856397589,5.2432613124450045,3.998517282307148
260,4.404295355081558,4.530029505491257,2.4807063738505044,3.842050681511561,3.4957910949985185,3.953239773089687
261,3.288967332492272,4.016376028458278,1.8766914407412212,3.6270819352939725,3.8107135792573295,3.0484976045166454
262,3.7169342525303364,4.076366136471431,1.5838519625055294,3.2956194008390107,3.3791112502415976,3.6982180488606295
263,3.4919352730115256,4.3260279049475985,2.0081660859286785,2.9099097599585853,3.5537817229827247,3.873388829330603
264,3.841752916574478,3.829499083260695,2.0419984186689057,3.5912156055370965,3.566151387989521,3.2999885169168315
265,3.9473210324843726,4.413896889425814,2.0516567565500736,3.069535610576471,3.5370704382658005,3.500844250743588
266,3.4248304267724357,3.9480224400758743,2.005657784640789,2.9822430945932865,3.1985238989194236,3.7453190398712954
267,3.7002922408282757,4.957384434839089,2.1385877951979637,3.3705913238227367,3.484918857614199,3.729832195987304
268,3.7049175848563514,4.3031056970357895,1.6984412198265393,3.895297586917877,3.499399301906427,2.927051916718483
269,3.504304996381203,3.7326263387997947,1.8196212003628414,3.6762320610384145,4.687538678447406,3.875228493163983
270,3.810919945438703,4.171262497703235,2.9867050697406134,3.468127196033796,3.59119530270497,3.6393942510088286
271,3.734175741672516,3.540355442712704,1.9661845962206523,3.1704624270399413,4.70035978158315,3.0990944455067315
272,3.9725066274404526,3.9300004790226617,2.942066012571255,3.3533694545427957,4.063403556744258,3.6785851918781796
273,4.2853253583113355,4.366420442859332,2.4012213746706643,3.242596734315157,3.301309031744798,3.4051241104801497
274,3.9821642860770226,4.055639813343684,2.9359268496433892,3.8048829212784767,4.175555323561032,3.5632460564374924
275,3.47843636572361,4.230087876319885,2.283109004298846,3.8985272149244943,4.025477300087611,3.026716279486815
276,3.264200374484062,4.295714914798737,2.177961826324463,4.448270147045453,4.876510856052239,3.291508729259173
277,3.8810866301258407,3.8907515915731588,2.0818901980916658,3.722787231206894,3.8636468847592673,3.695060931146145
278,3.964686100681623,4.146909241875012,2.950098996361097,3.579093853632609,3.7234091460704803,4.832478936761618
279,4.507898509502411,4.401879288256168,1.9870161240299542,3.4455468778808913,4.0314541558424635,3.4323770090316734
280,3.1142708733677864,3.6154500419894853,1.4721119753085077,3.032657345136007,3.3302635277311006,3.2279876644412675
281,3.8642001201709113,3.7338659962018332,1.4864627768596013,3.736116270224253,3.5131163224577904,4.136524997651577
282,4.112838039795558,4.30929480989774,3.1151340877016387,4.479748547077179,3.8890920331080756,4.098519032200177
283,4.296891242265701,3.9144279013077417,2.3417496060331664,3.6919659872849784,2.9878542280445495,3.425062204400698
284,3.518537795792023,3.283845922599236,2.1677571485439935,3.1511292830109596,4.142408882578214,3.274964707593123
285,3.452209271490574,4.396861652533214,3.0066195304195085,3.493102158109347,4.263351748387019,3.5000661996503672
286,3.7342800150314965,4.520803491274516,3.328673099478086,3.3004479308923087,3.787468825777372,4.123923124124606
287,4.410172452529271,3.545557195941607,1.5468405472735565,3.4737541576226554,3.8073685566584268,4.961056952675183
288,4.324857865770658,3.7102560251951218,1.6188782056172688,3.870524530609449,3.7563056449095407,3.427564317981402
289,3.384882158289353,3.2515112310647964,1.980981816848119,3.1910260717074075,3.0860438669721284,3.0431698436538377
290,4.040827701489131,4.726482110718886,2.7182151079177856,4.3110949620604515,4.177031586567561,3.5636283457279205
291,4.2825826952854795,4.255479395389557,2.06793454537789,3.479165164132913,2.939609902600447,3.2301338762044907
292,3.559920847415924,3.4470411222428083,1.782580631474654,4.027554611365001,3.295030382772287,3.222778300444285
293,3.7502789149681726,3.7416389460364976,1.6653541550040245,3.4917278115948043,2.9270916307965913,3.9863722091540694
294,4.725012411673863,4.269131302833557,1.8060452739397685,3.6542457938194275,3.6798077349861464,3.253464002162218
295,3.484870418906212,3.728970631957054,3.9016083975632987,4.14287872115771,4.52612083653609,3.726155921816826
296,3.80551249285539,4.006437753637631,1.899740440150102,3.7875148554642997,3.797643999258677,3.147794218113025
297,3.7841701010862985,4.470914592345555,2.6048000206549964,3.2876709351936975,3.338420050839583,4.173932009687026
298,3.6725213328997293,3.605425577610731,1.389955612520377,2.214800293246905,3.940619225303332,4.6759085555871325
299,3.2187090814113617,5.266832401355107,2.6928448478380838,4.656862460076809,5.181404449045658,4.979156627009313
300,4.623838608463605,5.32940183331569,3.2461585911611714,4.942964474360148,4.4848772039016085,3.4556893135110536
301,4.300054366389911,4.502422173817952,2.806332672635714,3.960830574234327,3.970173771182696,3.800395518541336
302,3.446786849449078,4.120312916735808,2.301211873690287,3.7879344324270883,3.320721806337436,3.623797615369161
303,3.531242827574412,3.6040473828713098,2.7111413180828094,3.5149959567934275,3.925301730632782,3.194959027071794
304,3.4957440619667373,3.666937301556269,1.698157787322998,2.9584626058737435,3.9908387511968613,3.7797531535228095
305,3.696369210879008,3.640095974008242,1.8218438075855374,3.4834299637004733,2.8037122326592603,3.555709750701984
306,4.001888266454141,3.338215619325638,1.5721648236115773,3.5877740060289702,3.300314098596573,3.6006188044945397
307,3.1244477729002633,3.105333892007669,1.7882396429777145,3.2380524973074594,3.5544590850671134,3.493844497948885
308,3.6547974993785224,3.7534015774726868,2.1731558442115784,3.5157550573349,2.9736985191702843,3.847429764767488
309,3.682833810647329,3.985379903266827,2.475211719671885,3.492508187890053,4.197835594415665,3.341335987051328
310,3.1412466801702976,3.1756134120126567,1.7610144515832264,3.174608901143074,3.3535276303688684,3.1114658589164415
311,3.132360890507698,3.802375958611568,1.3135768584907055,3.2356150100628533,2.69156322038422,3.176123393078645
312,3.254794053733349,3.306742772459984,1.3764829089244206,2.8227647493282952,3.5448199013868966,2.987199162443479
313,3.4902576903502145,3.806872626145681,2.1546887159347534,3.5362936357657113,3.771518354614576,3.3431482389569283
314,4.236131185044845,4.017265200614929,2.088189482688904,2.9937901894251504,4.105330258607864,3.0283659249544144
315,4.418847272793452,3.789308143158754,2.110279473165671,3.526926169792811,3.835440715154012,4.611406500140826
316,4.3697444051504135,4.35311799744765,2.5019664615392685,3.0013759608070054,3.483787556489309,3.424312209089597
317,3.300204655776421,3.4888756883641086,2.4641103198130927,2.9012187694509826,3.525921786824862,3.3953009297450385
318,3.6202270115415254,4.293164441982905,1.8383752722293139,2.9759545599420867,3.427170251806577,3.460790477693081
319,3.5709680592020354,3.571552182237307,1.282290422047178,2.665178989370664,3.1216787112255893,3.7854026133815446
320,3.8172651628653207,3.488424769292275,1.6482788448532422,3.7816741665204368,3.513118931402763,3.904488228261471
321,3.201922626545032,3.7375658651192984,1.970713232954343,3.983457018931707,3.4855860819419227,3.641028339664141
322,3.9809250235557556,4.047153135140737,2.3545259119321904,3.537710656722387,3.6245911891261735,3.882960525651773
323,3.791333811978499,3.6122321089108786,1.434115885446469,3.1459477692842484,3.585602012773355,3.298168102900187
324,3.740383247534434,4.602785209814708,3.540278603633245,4.146191318829854,4.525122019151847,3.6190094351768494
325,4.506155838569005,3.760730671385924,2.044576687117418,3.1586798019707203,3.2162905608614287,2.9922461695969105
326,3.3516852358977,3.5543278753757477,1.644197518626849,2.879217008749644,4.3347956736882525,3.8590968723098436
327,3.486600026488304,3.63910686224699,2.2087439944346747,3.4101229098935923,3.2381444399555526,3.0212392515192428
328,3.51729886730512,5.0066827510794,2.0080825090408325,3.517372742295265,4.415084977944692,3.3906835044423738
329,3.7378010004758835,3.9668314307928085,1.917368878920873,3.44805928816398,3.037930532048146,3.2973390221595764
330,3.4776585400104523,3.026745744049549,1.8719198058048885,2.94457013408343,3.805912509560585,3.0631822273135185
331,2.8604585602879524,3.9609368642171225,2.1534117932120957,3.620694696282347,3.8397092868884406,2.9355574374397597
332,3.0577135433753333,3.180054560303688,1.6355047076940536,2.891317437092463,3.115185504158338,2.9470041344563165
333,3.727410987019539,3.2664124903579554,1.8051751957585414,3.204411581158638,3.3072082499663034,3.0206668886045613
334,3.237304283926884,3.4630827121436596,1.4830664942661922,3.1868500957886376,2.712430505702893,3.141802648703257
335,3.2247375001509986,3.300778309504191,1.577683801452319,3.0486944100509086,3.3063912888367972,3.1819511502981186
336,2.964770163098971,4.258890515814225,1.2145796945939462,2.903259079903364,3.1998613799611726,2.997250189383825
337,3.2854275243977704,3.9754713972409568,1.873507883399725,3.4390060007572174,4.037178342541059,3.349639376004537
338,3.96304061015447,3.391644371052583,1.4312409354994695,2.5797248681386313,3.603070472677549,3.6566370422951877
339,3.987882981697718,4.205338736375173,2.1096418077747026,3.3547116418679557,3.5829863026738167,3.239041925097505
340,3.3487522279222808,3.6678718676169715,1.5659244333704312,2.8361943513154984,3.3371042559544244,3.0088156362374625
341,3.741388609011968,3.857530931631724,2.4698826844493547,3.6272391279538474,3.2124604930480323,2.893505033105612
342,3.388104418913523,3.683124211927255,2.770772377649943,3.2891472429037094,3.2686418319741883,3.5794456054766974
343,3.231716103851795,4.206215212742488,2.7842526584863663,3.4357326527436576,2.8677575240532556,3.1128756254911423
344,2.9376371006170907,3.622202773888906,1.7265754379332066,3.137612035498023,3.121774986386299,3.066751937071482
345,3.5686981081962585,3.515259563922882,1.8128862430651982,3.4668942503631115,3.5332830796639123,2.4775119026501975
346,3.0865143512686095,3.5983562668164573,1.5305712893605232,2.838142509261767,3.584232822060585,3.000050344814857
347,3.1440920680761337,4.039944777886073,2.461107681194941,3.4935492295771837,3.302075778444608,3.2328136079013348
348,3.1727977519234023,4.8871531672775745,3.5948671102523804,5.502587055166562,4.82421871026357,4.406705033034086
349,4.339010873188575,4.005721631149451,2.1265006021906934,3.153040489181876,2.8423232386509576,2.8178205713629723
350,3.428664369508624,3.5892791152000427,1.9797963748375575,3.0782287319501243,3.362049729252855,2.951732251793146
351,3.0959839889158807,3.8206249276796975,1.5283128426720698,3.037622019648552,3.8156154801448188,3.0498655227323375
352,2.9917378773291907,3.9575814604759216,1.3178159669041634,2.4860199578106403,3.3441026558478675,2.824610643554479
353,3.1798189332087836,3.697976147135099,2.0974672262867293,2.808378268033266,2.977087909976641,2.515978090465069
354,2.7364466339349747,3.4767689307530723,1.6520037800073624,3.307287777463595,3.413428321480751,2.74264037484924
355,3.049112637837728,3.5254180481036506,1.8541061729192734,2.678378075361252,4.4222939517349005,3.392385265479485
356,3.728518952926,3.5723818888266883,2.032979652285576,3.6760889080663524,3.9136887217561402,3.2911093775182962
357,3.2243236179153123,4.292708329856396,2.651624878247579,3.4975489576657615,3.8891466557979584,3.4154634748895965
358,5.001722186803818,3.7245313997069993,2.1762593165040016,3.4101212580377855,2.917981748779615,3.385052320857843
359,3.052580962268015,3.3061960712075233,1.5417805512746174,2.7072854389746985,2.9957167729735374,3.699395780762037
360,3.856342002749443,3.477069308360418,1.7672348866860073,4.1807558337847395,4.318984232842922,4.6335800637801485
361,4.582184570531051,4.32451210419337,3.178768957654635,3.347295974691709,3.4045995163420835,3.4692907879749932
362,3.585377760231495,3.268953883399566,1.6825867146253586,3.832551290591558,3.2654703557491302,2.77618239633739
363,3.2830572072416544,3.348001718521118,1.3794181657334168,2.9803281041483083,3.0090107172727585,3.922390937805176
364,3.0183750862876573,3.2149142573277154,1.8617263982693355,3.8015709122021994,3.650503550966581,3.122954265524944
365,3.1832182208697,3.6076520681381226,1.5442618392407894,3.034913420677185,3.2699115884800753,2.6878741309046745
366,2.9681516339381537,3.2849414572119713,1.201997694869836,2.91300331056118,2.7865417351325354,2.8216494477043548
367,3.220801815390587,2.7433718840281167,1.2504527516042192,3.1033607041463256,3.2366490264733634,3.1551169032851853
368,2.6450208090245724,3.110440239931146,0.641957830482473,2.9901874661445618,2.924408736328284,5.040530937413375
369,4.646330660829942,3.5009161134560904,1.6145788977543514,3.4137283911307654,3.662339155872663,3.226605069513122
370,3.650131752093633,3.3492238024870553,1.4184261560440063,3.3353817562262216,3.432492879529794,3.5479934910933175
371,3.6077285123368106,3.1164784878492355,1.723560407757759,3.18475162734588,3.699880301952362,2.889326482390364
372,3.007964832087358,3.2252609878778458,1.877855196595192,3.5756722850104175,3.794634605447451,3.3715573474764824
373,2.9034729599952698,3.24431120355924,1.7618573730190594,3.687209002673626,3.7739914345244565,3.846322456995646
374,3.143443619211515,3.553114175796509,1.7078707342346509,3.877867490053177,3.514626145362854,2.781568548331658
375,3.3514709770679474,3.577943374713262,4.211679259936015,4.247385273377101,4.9511399293939276,3.8068736301114163
376,3.814896489183108,3.84112057586511,1.7210851237177849,3.5198833545049033,8.339695771535238,3.1086140430221954
377,4.3421856959660845,4.177373290061951,3.5402373472849527,3.6514460667967796,4.274208197991054,3.8918643929064274
378,3.822824123005072,4.074191406369209,2.3400790095329285,3.179894453535477,3.393775890270869,2.793948711206516
379,3.2192616115013757,4.463562289873759,1.594340684513251,3.3434194028377533,3.426397383213043,2.8767394168923297
380,2.7918868275980153,3.0402224510908127,1.911047010992964,2.8331979804982743,2.985071132580439,2.44666330764691
381,3.381049652894338,3.086265668272972,1.436644084751606,3.1097989479700723,3.823217769463857,3.284510494520267
382,3.4423819606502852,3.53374432772398,1.941170906027158,2.8819019347429276,3.531522194544474,3.166296973824501
383,3.993578394254049,3.8538099974393845,1.760899933365484,3.4720984200636544,3.4424110651016235,3.0218634021778903
384,3.338476300239563,3.8745958358049393,2.013968512415886,3.1340859048068523,3.1151263962189355,3.2020109283427396
385,3.822444578011831,3.638423213735223,1.3403516709804535,2.6839347978432975,3.113085225224495,3.2889631912112236
386,3.002800587564707,2.7055244483053684,0.9660055202742418,2.408403684695562,2.6708071107665696,4.158631953100364
387,3.985807235042254,3.9295148104429245,1.5022608283907175,3.2090791140993438,2.719628086934487,2.8019744915266833
388,3.080771032720804,3.1604889730612435,1.0307633529106777,3.025498160471519,2.488707013428211,2.584013490627209
389,2.7503643234570823,3.3956040839354196,1.6490622907876968,3.409163810312748,2.7372127597530684,3.2950194279352822
390,3.40090973675251,3.52375735839208,1.7431156064073245,3.2339711586634317,3.469461520512899,3.8961222593983016
391,3.870708098014196,4.047159763673942,1.5134244300425053,2.8797772688170276,3.4704865192373595,3.1504759018619857
392,3.022597722709179,3.4859403166919947,1.3131821130712826,2.8288585046927133,3.069948839644591,3.1735240891575813
393,3.6584993998209634,3.274182220300039,1.542762815952301,2.8689389005303383,2.984137604633967,2.602500076095263
394,2.754321580131849,2.812376130372286,1.3160930077234905,2.6600320239861808,2.961917620152235,2.70360134417812
395,3.19400621453921,3.3830272977550826,2.146359732374549,3.0864265163739524,2.994698685904344,2.8102107122540474
396,2.738618786136309,3.379478673140208,1.2539382341007392,2.920707404613495,3.036594420671463,3.1980166416615248
397,2.9902933364113173,4.204160422086716,2.1006277774771056,3.780690521001816,4.820721328258514,3.5067842847978077
398,4.44207110380133,4.671673856675625,2.615366051594416,4.097997759779294,3.518528163433075,3.3001741878688335
399,3.664626764754454,3.6174331307411194,1.4301221470038097,3.4030243307352066,4.02701552088062,3.6146836231152215
400,2.9606091206272445,3.5941453526417413,1.406781451155742,3.3689058224360147,3.1558320224285126,2.847273533542951
401,3.1253504436463118,3.3260639955600104,1.4718895219266415,3.090260664621989,2.8862499420841536,3.499925600985686
402,2.814506098628044,2.8482238526145616,1.2668005687495072,3.3011673341194787,3.2392407270769277,3.4618582415084043
403,3.1339520116647086,3.237168292204539,1.3974614838759105,2.8129288057486215,4.207377076148987,2.6804247635106244
404,3.4648015846808753,4.367743377884229,1.6697735662261646,2.831937866906325,2.726834228883187,2.970920702442527
405,2.545523059243957,3.488482146213452,1.0636982868115108,3.2494504327575364,3.733215346932411,2.6989722040792308
406,3.0264562169710794,3.928462247053782,1.907885380089283,2.804001234471798,3.158405919869741,2.7377862880627313
407,4.302423655986786,3.972000082333883,2.121510232488314,3.414804274837176,3.360587259133657,3.210222665220499
408,3.2436277866363525,3.118561863899231,2.8364515577753386,3.2152047753334045,3.3942544739693403,3.576559933523337
409,3.0319447492559752,3.0359437627096972,1.4936602599918842,2.481926292181015,3.3565132915973663,3.2152915926029286
410,3.5673905375103154,3.739507536093394,1.2600713310142357,2.368879539271196,3.1202163621783257,2.9022404799858728
411,3.2448702355225882,3.2945000749702253,1.5606167614459991,2.568917820851008,3.3114624867836633,2.8689495435295007
412,3.358669469753901,4.357752740383148,2.5246601551771164,3.0796129715939364,3.8578196639815965,3.515447683632374
413,3.7012966175874076,3.1383801798025766,1.3530555193622906,2.726847487191359,3.5254525244235992,3.523150235414505
414,3.5817334527770677,3.4201713409274817,1.3375887908041477,2.6438348069787025,2.678624456127485,2.433718523631493
415,2.7335285817583403,3.0157343819737434,1.8269005666176479,3.468067159255346,3.8707207441329956,3.5395355808238187
416,2.7053708533445993,3.829309749106566,1.185133669525385,2.7786055840551853,3.1665380547444024,2.931368462741375
417,3.459839722762505,3.3147998650868735,1.5004972194631894,2.901705918212732,3.2386599108576775,2.919498254855474
418,3.277807046969732,2.769545299311479,1.9401567950844765,2.562653847038746,2.8616442382335663,3.0117983681460223
419,2.6736812045176825,3.4060359597206116,1.050220601260662,3.0697508603334427,3.8815939923127494,3.8491390645504
420,3.571206249296665,3.4950071796774864,1.5860565851132076,4.0626735389232635,4.016716904938221,3.041467100381851
421,3.2106282276411853,3.188704455892245,1.4687442953387897,2.970301851630211,3.0024656131863594,3.9132408450047174
422,3.415574515859286,3.4040396648148694,1.388073983291785,2.6972196151812873,3.2805324544509253,3.6209434817234674
423,3.712936374048392,3.848820732285579,1.7306887010733287,3.0394756769140563,3.7990736762682595,2.5167179629206657
424,2.802378257115682,3.13835808634758,1.4516210705041885,2.669993487497171,3.419749900698662,3.456039788822333
425,3.6909939448038735,4.420871569464604,1.692248396575451,3.5081081415216127,2.9354116513083377,3.1859394647181034
426,3.5120727320512137,3.1948109368483224,1.248051442205906,2.482824814816316,2.7699656886979938,3.0286292831103006
427,3.2477827817201614,3.5310577154159546,1.6582531121869881,3.100267104804516,2.494573228061199,3.003506543735663
428,3.468173404534658,3.6704774647951126,1.819113127887249,3.1791357323527336,2.8390093445777893,3.5098881945014
429,3.2009775986274085,3.216033478577932,1.056206005314986,2.7972289423147836,3.5959204037984214,2.848859486170113
430,2.9239722775916257,3.2107291718324027,2.6917331318060556,2.9918334993223348,3.8471194679538407,4.768657351533572
431,4.304859131574631,3.733034461736679,2.9347366789976754,3.0931217074394226,3.379535293827454,3.314709189037482
432,3.337286040186882,3.2759485095739365,1.232134748250246,3.268085444966952,3.703829596439997,2.9696296143035092
433,2.982201216121515,2.497474569827318,1.3132352257768314,2.268000014126301,2.679228256456554,2.7701300544043383
434,2.802390751739343,2.728567565480868,0.6386426153282324,2.941506332407395,3.2612522641817727,2.9407217651605606
435,2.9737095050513744,2.992078789820274,0.6047031444807848,2.754675748447577,3.0603911504149437,2.913863795188566
436,2.602703152845303,3.0993947635094323,1.0241299041857321,6.863166965544224,3.458437899748484,5.838138250013192
437,3.120628207921982,3.5580750703811646,1.7946817353367805,3.271949643890063,3.078966110944748,3.4838256388902664
438,2.7091737911105156,3.0155833760897317,2.091901962955793,3.1682504353423915,2.7387017694612346,3.5875046538809934
439,3.5404889235893884,3.1340063866227865,1.3898047730326653,2.525467505057653,3.1256881852944693,3.769051422675451
440,2.594694847241044,3.6902940490593514,1.4744655843824148,3.0128231023748717,3.02243056272467,2.825483813881874
441,3.0023670295874276,2.6885906904935837,1.424664445221424,2.3823455572128296,3.2926619624098143,3.9718887358903885
442,3.6185286790132523,3.1866225227713585,2.9579239959518113,2.9317976584037146,2.828588455915451,3.4822203119595847
443,3.0476434429486594,2.9904297664761543,1.3893697783350945,2.8381818309426308,2.784100645532211,3.1319623179733753
444,3.118525174756845,2.921331172188123,0.8447603397071362,2.5778846790393195,2.8047885447740555,3.211638368666172
445,2.684727336590489,3.464882880449295,0.7196032032370567,2.767478163043658,2.4338453685243926,3.0510383235911527
446,3.313877065976461,3.7275928830107055,1.8343233292301495,2.695647339026133,3.757664101819197,3.1327946186065674
447,2.8408577044804892,2.8183600455522537,1.5830811361471813,3.666702171166738,2.8668504084149995,3.1536746453493834
448,3.62293898810943,3.6698199982444444,1.2124182172119617,2.534399668375651,3.168981666366259,2.9533300387362638
449,3.3394497434298196,3.2070960700511932,2.0651026318470636,2.8455772946278253,3.7705165346463523,3.8704102151095867
450,3.5849580069382987,4.228156377871831,2.333180253704389,2.2874453452726207,2.6940514221787453,2.8730629992981753
451,2.863053172826767,3.2040234928329787,0.8640215744574865,1.866427227233847,2.0782612189650536,3.2476711575873196
452,3.582306131720543,2.6863562241196632,1.038947404672702,2.8105944891770682,2.8038141479094825,2.6439803149551153
453,2.5321604510148368,3.3832551737626395,1.116068847477436,3.133524037897587,3.1149228488405547,2.648197453469038
454,3.54507202655077,3.602506548166275,1.481954239308834,3.034243325392405,2.9910658511022725,2.9136837174495063
455,2.614489918574691,3.155153200030327,0.8423018455505371,2.2984674697120986,2.5033160199721656,3.1094730819265046
456,3.1827200055122375,2.661249965429306,0.9319750592112541,2.4219252516825995,3.653111547231674,4.032591550145298
457,3.7762768790125847,4.447180571655433,1.9245395871500175,2.6984413539369903,2.5245479866862297,2.758195056114346
458,2.739622723311186,2.882009326169888,1.3257825101415317,2.7693747729063034,2.913304058214029,3.061183917025725
459,2.836052084962527,3.4513169129689536,1.4586121812462807,2.6928810427586236,3.213080994784832,3.55950740724802
460,3.619484353810549,3.083386162916819,0.9626960540190339,2.458669312298298,3.2640343407789865,3.011579809089502
461,2.4736559403439364,3.167732955267032,1.4980472922325134,2.4503959889213243,3.397084819773833,2.9811942310382924
462,2.902138481537501,3.3739597822229066,1.4832891275485356,3.961707497636477,3.2253933803488812,3.9042177901913724
463,4.189703016231458,3.5177907086908817,1.902919605995218,3.005425880352656,2.7887282421191535,3.1705688117071986
464,2.77338345348835,3.0365435431400933,1.050040981421868,2.443489799896876,3.0626429269711175,2.8272632230073214
465,3.3018008718887963,3.513155380884806,1.8898963928222656,2.5837052365144095,2.769689077200989,3.0441378311564526
466,2.7516968150933585,3.656580845514933,0.9537606971959273,2.14441076045235,2.9463521068294845,2.990940356006225
467,2.240890432149172,2.8605748688181243,1.108288620909055,2.085120726376772,3.0132768005132675,2.6459761088093123
468,2.252116950849692,3.517879441380501,2.5391926591595015,2.955763414502144,3.7814010779062905,2.9633373133838177
469,2.8887411852677665,3.136830801765124,1.3555251980821292,2.3472946509718895,3.173267255226771,2.6539470429221788
470,2.773290641605854,3.308389959235986,1.5744943072398503,2.4855627616246543,3.2956508696079254,2.6722195744514465
471,2.8300741016864777,2.9800697887937226,1.10172055910031,2.539817831168572,3.2707725738485656,2.7715038668053844
472,3.0139754886428514,2.8618477086226144,1.0512698478996754,2.4641822973887124,3.2494109446803727,3.6266880383094153
473,3.3681524048248925,4.1536250822246075,2.2134272505839667,2.7393851516147456,2.9519044955571494,3.4962283050020537
474,2.9268534183502197,2.838850684463978,1.3155410289764404,2.7112620721260705,3.3696982537706694,3.108125414699316
475,2.7122725447018943,2.6710416727388897,0.899020909021298,2.6428683158010244,3.0102396880586944,2.7978291685382524
476,2.8188786854346595,2.6353739332407713,1.3611273343364398,2.4533731614549956,3.1997395356496177,2.7612561501252153
477,3.489100287357966,2.9030200640360513,1.6234718213478725,3.2920654515425363,2.9156508396069207,3.9334328000744185
478,3.687271566440662,2.7190765192111335,1.0767391078794997,2.8483766267697015,2.408753623565038,3.0580105676005283
479,3.653787449002266,3.5336555068691573,1.8491184910138447,3.232528289159139,2.7755216310421624,2.803017280995846
480,2.5802847196658454,3.152701755364736,1.457198217511177,2.0077339919904866,3.0700165033340454,2.8051813331743083
481,2.9781225671370826,3.043233834207058,1.6604784727096558,3.3648716111977897,2.86750998099645,3.4803406968712807
482,2.91005040705204,3.321087929109732,1.367231961960594,2.8284704287846885,2.6924346536397934,3.037421815097332
483,3.3047617177168527,2.3544892370700836,1.2500871208806832,2.636490677793821,2.72917707140247,3.1071922071278095
484,2.8379139502843223,2.7572406952579818,0.7828896947515508,2.9359052081902823,3.205346484978994,3.4646524315079055
485,3.3076759775479636,3.882238954305649,2.992943743864695,2.9697191044688225,3.2898185923695564,3.2181771335502467
486,2.9857762306928635,3.1239923487106958,1.8036678954958916,2.876019520064195,3.080774043997129,3.4065386056900024
487,2.9388314882914224,4.0668148299058275,1.8564083377520244,3.4496880074342093,2.8857445418834686,3.4093912430107594
488,3.753111424545447,4.263439923524857,1.5529851292570431,3.2490158081054688,2.921967597057422,2.8515256190051637
489,2.373753043512503,2.947905920445919,1.6992977609237034,3.2712657203276954,3.47671647866567,3.4341291741778455
490,3.109265128771464,3.147103473544121,1.354108641544978,2.3000465855002403,2.4310866134862104,3.067832792798678
491,2.6738330076138177,2.745840385556221,1.1231098026037216,2.8267302215099335,2.729471648732821,3.55314073463281
492,3.370575040578842,2.5470825731754303,1.2948461243261893,2.4291537404060364,2.8685730596383414,4.922113851954539
493,3.3508347272872925,3.249869475762049,2.0733099952340126,3.1299474264184632,2.874440851310889,3.0254048593342304
494,2.4230473985274634,3.0208144734303155,1.085139311850071,2.227735534310341,2.7524851635098457,2.914712746317188
495,2.848357523481051,3.4071482764557004,1.920509546995163,3.315666483094295,2.9096490889787674,3.164738637705644
496,3.0390178114175797,2.845555139084657,1.8903801118334134,3.238862931728363,3.0292647009094558,4.004884784420331
497,3.554934835061431,3.341818536321322,1.2837296028931935,2.961650662124157,2.710706020394961,2.7886464856565
498,2.1791876132289567,2.7046186923980713,1.0334085089464982,2.367410415162643,3.090404063463211,2.5282714621474347
